Site,Partition,&alpha;,&beta;,&beta;-&alpha;,Prob[&alpha;>&beta;],Prob[&alpha;<&beta;],BayesFactor[&alpha;<&beta;]
1,1,1.932,1.914,-0.018,0.321,0.627,0.997
2,1,3.408,0.79,-2.618,0.462,0.486,0.562
3,1,0.893,0.931,0.038,0.326,0.609,0.923
4,1,0.751,1.673,0.921,0.083,0.846,3.269
5,1,1.068,0.928,-0.139,0.409,0.5,0.594
6,1,24.968,0.626,-24.342,1,0,0
7,1,1.051,0.959,-0.093,0.372,0.545,0.711
8,1,19.455,0.949,-18.506,1,0,0
9,1,1.6,1.071,-0.529,0.489,0.403,0.4
10,1,7.602,1.314,-6.288,0.54,0.385,0.372
11,1,8.804,2.261,-6.543,0.917,0.005,0.003
12,1,2.64,1,-1.64,0.829,0.067,0.042
13,1,1.053,2.731,1.678,0.024,0.862,3.705
14,1,2.249,2.591,0.342,0.171,0.496,0.584
15,1,1.922,0.641,-1.281,0.81,0.137,0.095
16,1,10.842,1.016,-9.827,0.99,0.001,0.001
17,1,0.86,0.761,-0.099,0.471,0.453,0.492
18,1,1.505,0.185,-1.32,0.918,0.06,0.038
19,1,6.083,0.129,-5.954,1,0,0
20,1,3.69,0.519,-3.17,0.962,0.025,0.015
21,1,2.143,0.521,-1.623,0.863,0.102,0.068
22,1,0.472,0.983,0.51,0.132,0.825,2.804
23,1,0.767,0.968,0.201,0.238,0.687,1.303
24,1,12.586,0.459,-12.127,1,0,0
25,1,0.396,0.7,0.304,0.229,0.722,1.542
26,1,0.403,0.23,-0.174,0.597,0.308,0.265
27,1,1.507,0.448,-1.059,0.829,0.133,0.091
28,1,0.823,0.402,-0.422,0.642,0.329,0.29
29,1,1.839,0.234,-1.605,0.937,0.047,0.029
30,1,13.352,0.21,-13.142,1,0,0
31,1,2.744,0.168,-2.576,0.992,0.005,0.003
32,1,6.906,0.166,-6.74,1,0,0
33,1,1.425,0.207,-1.217,0.94,0.044,0.027
34,1,0.691,0.554,-0.137,0.538,0.397,0.391
35,1,1.131,0.664,-0.467,0.617,0.318,0.276
36,1,5.623,0.495,-5.127,0.982,0.011,0.007
37,1,3.944,0.507,-3.437,0.965,0.022,0.014
38,1,0.813,0.547,-0.265,0.568,0.369,0.347
39,1,8.478,0.608,-7.87,0.891,0.085,0.055
40,1,2.453,0.49,-1.963,0.896,0.076,0.049
41,1,1.742,1.097,-0.644,0.574,0.309,0.266
42,1,1.045,0.532,-0.513,0.637,0.305,0.261
43,1,5.646,0.59,-5.055,0.982,0.01,0.006
44,1,0.901,0.823,-0.078,0.412,0.518,0.637
45,1,1.101,0.91,-0.191,0.39,0.536,0.685
46,1,1.532,0.444,-1.088,0.87,0.096,0.063
47,1,2.26,0.225,-2.035,0.948,0.039,0.024
48,1,0.502,0.807,0.305,0.219,0.731,1.61
49,1,0.566,0.273,-0.293,0.627,0.298,0.252
50,1,0.729,0.588,-0.141,0.519,0.414,0.42
51,1,0.857,0.658,-0.199,0.501,0.434,0.454
52,1,2.716,0.189,-2.526,0.979,0.015,0.009
53,1,4.22,0.182,-4.038,0.991,0.006,0.004
54,1,1.461,0.276,-1.185,0.865,0.108,0.072
55,1,1.827,0.263,-1.564,0.921,0.06,0.038
56,1,0.99,0.653,-0.337,0.535,0.407,0.407
57,1,3.315,0.51,-2.805,0.943,0.039,0.024
58,1,18.251,0.233,-18.018,1,0,0
59,1,1.428,0.214,-1.214,0.905,0.072,0.046
60,1,6.936,0.714,-6.222,0.992,0.003,0.002
61,1,1.43,0.657,-0.774,0.678,0.259,0.207
62,1,1.272,2.687,1.415,0.046,0.785,2.166
63,1,0.913,0.654,-0.259,0.523,0.412,0.415
64,1,33.781,0.699,-33.081,1,0,0
65,1,0.866,0.345,-0.52,0.759,0.197,0.146
66,1,1.317,0.977,-0.341,0.545,0.391,0.381
67,1,0.63,1.256,0.626,0.118,0.83,2.904
68,1,0.996,8.618,7.622,0,0.989,53.419
69,1,7.868,1.025,-6.843,0.976,0.005,0.003
70,1,0.467,1.344,0.876,0.086,0.876,4.192
71,1,1.06,0.627,-0.434,0.589,0.362,0.336
72,1,1.208,3.523,2.315,0.015,0.837,3.048
73,1,1.216,0.854,-0.362,0.489,0.426,0.441
74,1,3.344,0.868,-2.475,0.629,0.315,0.273
75,1,0.409,10.8,10.392,0,0.999,667.581
76,1,0.782,0.682,-0.1,0.456,0.477,0.541
77,1,0.472,0.816,0.345,0.198,0.756,1.834
78,1,0.441,0.784,0.343,0.198,0.755,1.833
79,1,0.906,1.836,0.93,0.105,0.81,2.534
80,1,0.402,1.23,0.828,0.053,0.916,6.506
81,1,0.375,1.063,0.688,0.065,0.905,5.663
82,1,0.624,1.04,0.417,0.213,0.726,1.576
83,1,0.563,1.071,0.507,0.156,0.788,2.211
84,1,0.598,1.077,0.479,0.152,0.79,2.23
85,1,0.38,12.362,11.982,0,1,4080.138
86,1,0.892,8.81,7.918,0.015,0.96,14.416
87,1,1.284,0.214,-1.07,0.929,0.053,0.033
88,1,0.188,1.366,1.178,0.007,0.988,47.845
89,1,0.365,6.423,6.057,0,0.997,220.589
90,1,0.392,0.466,0.074,0.363,0.571,0.791
91,1,0.258,1.099,0.841,0.028,0.957,13.246
92,1,0.939,0.356,-0.583,0.769,0.189,0.139
93,1,1.345,2.628,1.283,0.059,0.778,2.082
94,1,1.37,3.55,2.18,0.106,0.853,3.442
95,1,0.765,4.56,3.796,0.006,0.942,9.672
96,1,0.724,1.319,0.595,0.148,0.787,2.187
97,1,0.449,1.012,0.563,0.131,0.826,2.824
98,1,0.421,1.179,0.758,0.065,0.901,5.38
99,1,0.396,0.657,0.261,0.25,0.698,1.372
100,1,0.517,1.116,0.598,0.144,0.808,2.491
101,1,1.092,1.208,0.116,0.172,0.774,2.028
102,1,0.634,0.93,0.296,0.221,0.723,1.55
103,1,0.563,1.405,0.842,0.07,0.88,4.337
104,1,0.445,1.022,0.577,0.119,0.84,3.105
105,1,1.354,0.667,-0.687,0.391,0.556,0.743
106,1,0.945,0.787,-0.158,0.429,0.502,0.597
107,1,0.371,1.394,1.023,0.029,0.948,10.837
108,1,0.302,1.535,1.233,0.014,0.973,21.532
109,1,3.603,0.547,-3.055,0.914,0.062,0.039
110,1,0.288,1.246,0.957,0.029,0.955,12.658
111,1,0.204,0.765,0.562,0.076,0.896,5.113
112,1,0.471,0.851,0.38,0.184,0.77,1.991
113,1,1.186,0.252,-0.934,0.871,0.1,0.066
114,1,0.439,1.032,0.593,0.098,0.863,3.731
115,1,1.935,1.952,0.017,0.32,0.628,1
116,1,1.935,1.952,0.017,0.32,0.628,1
117,1,1.935,1.952,0.017,0.32,0.628,1
118,1,1.935,1.952,0.017,0.32,0.628,1
119,1,0.37,1.015,0.645,0.068,0.901,5.403
120,1,0.37,0.763,0.393,0.166,0.791,2.247
121,1,0.342,0.568,0.225,0.262,0.682,1.272
122,1,0.552,0.775,0.223,0.275,0.672,1.218
123,1,0.471,0.672,0.202,0.272,0.676,1.237
124,1,0.281,1,0.719,0.042,0.938,8.978
125,1,0.626,0.284,-0.342,0.651,0.281,0.232
126,1,0.665,1.389,0.724,0.131,0.809,2.506
127,1,1.935,1.952,0.017,0.32,0.628,1
128,1,1.935,1.952,0.017,0.32,0.628,1
129,1,1.033,1.541,0.507,0.17,0.727,1.578
130,1,0.45,0.794,0.345,0.202,0.75,1.783
131,1,0.66,0.855,0.195,0.282,0.651,1.108
132,1,0.666,0.716,0.05,0.33,0.615,0.947
133,1,1.582,0.444,-1.138,0.61,0.339,0.305
134,1,0.212,2.975,2.763,0,0.998,371.545
135,1,0.909,0.613,-0.296,0.55,0.387,0.374
136,1,1.194,1.337,0.143,0.272,0.659,1.149
137,1,0.442,0.835,0.392,0.177,0.778,2.086
138,1,0.802,1.175,0.373,0.215,0.718,1.507
139,1,0.385,1.189,0.804,0.044,0.928,7.66
140,1,2.492,0.723,-1.769,0.692,0.251,0.199
141,1,0.483,0.904,0.421,0.168,0.787,2.195
142,1,0.399,1.322,0.924,0.046,0.925,7.37
143,1,0.355,1.307,0.953,0.035,0.942,9.71
144,1,0.565,0.607,0.043,0.428,0.504,0.604
145,1,0.374,0.803,0.429,0.155,0.804,2.434
146,1,0.311,4.524,4.213,0.001,0.997,186.924
147,1,0.505,1.012,0.507,0.133,0.822,2.745
148,1,0.644,1.279,0.636,0.171,0.767,1.951
149,1,0.663,1.17,0.507,0.156,0.776,2.062
150,1,0.391,4.069,3.677,0,0.992,72.795
151,1,0.314,1.807,1.492,0.012,0.975,23.526
152,1,1.857,0.558,-1.299,0.81,0.145,0.101
153,1,0.601,2.878,2.277,0.01,0.964,15.761
154,1,0.969,0.863,-0.106,0.369,0.568,0.779
155,1,1.917,1.92,0.004,0.32,0.628,1
156,1,0.296,1.326,1.03,0.022,0.963,15.645
157,1,0.364,0.839,0.475,0.126,0.837,3.042
158,1,0.403,0.23,-0.174,0.597,0.309,0.265
159,1,0.322,1.751,1.429,0.017,0.969,18.609
160,1,0.426,1.552,1.126,0.042,0.929,7.737
161,1,0.475,0.871,0.396,0.171,0.781,2.119
162,1,0.714,0.986,0.272,0.263,0.662,1.165
163,1,1.199,1.407,0.208,0.27,0.644,1.074
164,1,0.559,1.77,1.211,0.052,0.904,5.598
165,1,2.085,6.934,4.849,0.009,0.874,4.105
166,1,1.935,1.952,0.017,0.32,0.628,1
167,1,2.262,0.666,-1.596,0.495,0.455,0.496
168,1,0.361,0.581,0.22,0.266,0.678,1.25
169,1,0.377,2.992,2.615,0.001,0.99,58.826
170,1,0.579,0.2,-0.379,0.695,0.226,0.173
171,1,0.281,1.011,0.73,0.041,0.94,9.271
172,1,0.292,2.755,2.463,0.001,0.995,112.623
173,1,3.301,0.518,-2.783,0.724,0.236,0.183
174,1,2.586,5.684,3.099,0.196,0.741,1.696
175,1,0.516,0.953,0.437,0.131,0.835,3.003
176,1,0.824,1.659,0.836,0.103,0.807,2.481
177,1,1.659,3.052,1.393,0.262,0.663,1.168
178,1,0.459,1.196,0.737,0.09,0.873,4.065
179,1,0.621,1.685,1.064,0.043,0.911,6.042
180,1,0.498,1.037,0.539,0.095,0.861,3.682
181,1,0.534,1.419,0.885,0.074,0.882,4.444
182,1,0.585,0.605,0.021,0.378,0.565,0.771
183,1,35.547,0.453,-35.094,1,0,0
184,1,0.473,0.784,0.312,0.21,0.742,1.71
185,1,0.265,0.262,-0.003,0.448,0.435,0.458
186,1,3.288,0.172,-3.116,0.854,0.106,0.07
187,1,0.446,0.649,0.203,0.272,0.674,1.229
188,1,0.323,1.918,1.595,0.009,0.979,27.483
189,1,0.324,1.128,0.804,0.05,0.927,7.511
190,1,0.425,0.707,0.281,0.227,0.723,1.548
191,1,0.319,1.313,0.994,0.027,0.955,12.701
192,1,0.624,0.282,-0.342,0.652,0.279,0.23
193,1,0.872,0.671,-0.201,0.532,0.393,0.384
194,1,1.705,0.846,-0.86,0.405,0.544,0.707
195,1,0.772,0.896,0.125,0.293,0.632,1.02
196,1,0.565,0.846,0.281,0.248,0.69,1.324
197,1,0.607,1.104,0.497,0.139,0.807,2.487
198,1,0.349,1.429,1.08,0.027,0.953,12.015
199,1,0.442,1.271,0.829,0.078,0.886,4.617
200,1,0.843,0.634,-0.209,0.533,0.401,0.397
201,1,0.357,2.622,2.265,0.002,0.989,52.55
202,1,0.392,1.219,0.828,0.049,0.922,7.025
203,1,0.569,0.574,0.005,0.397,0.544,0.709
204,1,1.935,1.952,0.017,0.32,0.628,1
205,1,1.935,1.952,0.017,0.32,0.628,1
206,1,1.935,1.952,0.017,0.32,0.628,1
207,1,1.935,1.952,0.017,0.32,0.628,1
208,1,1.935,1.952,0.017,0.32,0.628,1
209,1,1.935,1.952,0.017,0.32,0.628,1
210,1,0.375,0.265,-0.11,0.544,0.361,0.335
211,1,0.656,0.754,0.098,0.322,0.622,0.977
212,1,1.048,0.97,-0.078,0.373,0.536,0.685
213,1,0.588,1,0.412,0.196,0.75,1.779
214,1,0.262,1.333,1.071,0.023,0.964,15.865
215,1,0.547,1.522,0.975,0.065,0.89,4.784
216,1,0.449,1.862,1.413,0.026,0.946,10.418
217,1,0.806,0.839,0.033,0.337,0.588,0.847
218,1,0.385,1.805,1.42,0.019,0.961,14.56
219,1,0.722,2.171,1.449,0.082,0.857,3.547
220,1,0.712,0.904,0.192,0.267,0.661,1.157
221,1,6.798,1.602,-5.196,0.856,0.032,0.02
222,1,1.459,1.561,0.102,0.313,0.635,1.032
223,1,1.075,1.591,0.516,0.18,0.699,1.381
224,1,1.935,1.952,0.017,0.32,0.628,1
225,1,1.935,1.952,0.017,0.32,0.628,1
226,1,1.755,2.621,0.866,0.183,0.758,1.859
227,1,0.942,0.693,-0.249,0.466,0.474,0.536
228,1,0.404,1.508,1.104,0.037,0.936,8.704
229,1,0.484,0.926,0.442,0.15,0.805,2.445
230,1,0.792,0.579,-0.213,0.557,0.38,0.363
231,1,1.148,0.998,-0.149,0.415,0.5,0.593
232,1,0.269,1.258,0.99,0.023,0.963,15.646
233,1,0.821,1.043,0.221,0.222,0.712,1.47
234,1,0.982,1.325,0.343,0.242,0.658,1.14
235,1,0.469,0.834,0.365,0.188,0.766,1.939
236,1,0.355,1.447,1.092,0.042,0.936,8.615
237,1,3.961,0.161,-3.801,0.984,0.011,0.007
238,1,1.935,1.952,0.017,0.32,0.628,1
239,1,2.77,3.991,1.221,0.244,0.694,1.345
240,1,0.529,2.055,1.526,0.029,0.941,9.528
241,1,0.593,0.621,0.027,0.37,0.573,0.796
242,1,0.637,0.916,0.279,0.25,0.694,1.348
243,1,0.675,0.827,0.152,0.316,0.619,0.962
244,1,1.469,0.995,-0.474,0.333,0.594,0.868
245,1,0.85,3.3,2.451,0.026,0.942,9.574
246,1,0.498,0.489,-0.009,0.413,0.525,0.656
247,1,4.554,0.433,-4.121,0.995,0.003,0.002
248,1,0.306,1.239,0.933,0.027,0.955,12.691
249,1,0.527,0.919,0.392,0.161,0.784,2.157
250,1,0.422,1.881,1.459,0.024,0.952,11.788
251,1,1.12,3.075,1.955,0.022,0.853,3.437
252,1,0.421,1.078,0.656,0.091,0.874,4.099
253,1,0.778,0.795,0.017,0.365,0.562,0.763
254,1,0.739,0.835,0.096,0.35,0.568,0.782
255,1,1.13,1.564,0.434,0.2,0.673,1.219
256,1,15.585,39.313,23.727,0.112,0.737,1.662
257,1,0.379,1.284,0.905,0.039,0.935,8.494
258,1,3.648,0.835,-2.813,0.851,0.101,0.067
259,1,0.419,1.15,0.731,0.071,0.895,5.08
260,1,0.485,1.775,1.289,0.039,0.927,7.519
261,1,0.487,1.12,0.634,0.107,0.852,3.409
262,1,1.377,1.43,0.053,0.304,0.544,0.707
263,1,0.862,1.819,0.957,0.085,0.838,3.076
264,1,0.971,0.78,-0.191,0.43,0.501,0.595
265,1,0.475,1.405,0.93,0.063,0.9,5.348
266,1,0.887,1.324,0.437,0.118,0.827,2.838
267,1,0.54,1.529,0.99,0.135,0.822,2.749
268,1,0.487,1.485,0.998,0.09,0.875,4.145
269,1,0.626,1.473,0.846,0.065,0.881,4.379
270,1,0.624,1.457,0.833,0.09,0.852,3.423
271,1,0.771,0.933,0.162,0.276,0.634,1.027
272,1,0.465,1.749,1.285,0.037,0.931,8.061
273,1,0.348,2.265,1.917,0.007,0.982,31.54
274,1,0.598,1.008,0.41,0.166,0.772,2.004
275,1,0.645,1.417,0.773,0.088,0.854,3.479
276,1,0.596,1.586,0.99,0.089,0.86,3.634
277,1,0.821,0.775,-0.046,0.374,0.566,0.773
278,1,0.377,0.938,0.561,0.12,0.847,3.294
279,1,0.301,2.449,2.148,0.003,0.991,68.126
280,1,0.36,1.097,0.737,0.056,0.916,6.492
281,1,0.343,1.11,0.767,0.059,0.915,6.397
282,1,0.255,1.271,1.017,0.015,0.974,22.397
283,1,0.405,0.981,0.576,0.1,0.863,3.743
284,1,0.333,0.318,-0.015,0.469,0.439,0.464
285,1,0.264,2.136,1.872,0.005,0.989,51.84
286,1,0.515,2.283,1.769,0.019,0.949,11.017
287,1,0.423,1.068,0.646,0.089,0.875,4.143
288,1,0.965,0.607,-0.358,0.608,0.33,0.293
289,1,0.423,1.071,0.647,0.094,0.87,3.96
290,1,0.556,0.819,0.264,0.241,0.695,1.353
291,1,0.37,1.01,0.641,0.08,0.889,4.73
292,1,0.395,1.019,0.624,0.098,0.867,3.867
293,1,0.521,2.227,1.705,0.021,0.946,10.393
294,1,0.465,1.142,0.677,0.108,0.852,3.404
295,1,0.328,2.105,1.777,0.006,0.983,34.813
296,1,0.371,0.741,0.37,0.178,0.778,2.08
297,1,1.935,1.952,0.017,0.32,0.628,1
298,1,1.935,1.952,0.017,0.32,0.628,1
299,1,1.935,1.952,0.017,0.32,0.628,1
300,1,1.935,1.952,0.017,0.32,0.628,1
301,1,0.547,1.121,0.574,0.12,0.828,2.855
302,1,0.576,0.894,0.317,0.23,0.71,1.45
303,1,0.82,0.519,-0.301,0.662,0.276,0.226
304,1,1.924,1.924,0.001,0.32,0.627,0.999
305,1,0.566,1.542,0.976,0.068,0.886,4.623
306,1,0.299,1.02,0.721,0.053,0.925,7.306
307,1,0.279,2.615,2.336,0.002,0.994,103.512
308,1,0.774,0.969,0.196,0.266,0.664,1.175
309,1,0.784,0.727,-0.058,0.41,0.526,0.659
310,1,2.763,0.981,-1.782,0.429,0.501,0.595
311,1,0.48,3.116,2.636,0.003,0.979,27.509
312,1,0.428,1.448,1.021,0.041,0.928,7.643
313,1,0.529,0.962,0.433,0.16,0.79,2.232
314,1,0.886,2.031,1.145,0.061,0.85,3.373
315,1,2.136,16.411,14.275,0.026,0.944,9.986
316,1,0.363,1.111,0.748,0.058,0.914,6.312
317,1,0.569,0.575,0.006,0.397,0.545,0.711
318,1,0.486,1.743,1.258,0.033,0.933,8.27
319,1,1.935,1.952,0.017,0.32,0.628,1
320,1,1.193,0.784,-0.409,0.57,0.342,0.308
321,1,0.65,0.736,0.086,0.362,0.569,0.783
322,1,0.32,1.022,0.702,0.059,0.916,6.501
323,1,0.232,0.951,0.719,0.043,0.94,9.239
324,1,0.378,0.943,0.565,0.093,0.872,4.046
325,1,0.394,1.135,0.741,0.061,0.908,5.866
326,1,0.566,0.273,-0.293,0.627,0.298,0.252
327,1,0.371,0.753,0.382,0.172,0.784,2.159
328,1,0.456,0.903,0.447,0.146,0.811,2.541
329,1,0.28,1.921,1.641,0.009,0.982,32.524
330,1,0.743,0.963,0.22,0.245,0.686,1.299
331,1,0.364,0.944,0.579,0.086,0.882,4.428
332,1,0.386,0.713,0.327,0.201,0.752,1.796
333,1,0.385,0.789,0.403,0.159,0.798,2.351
334,1,1.258,0.932,-0.325,0.345,0.603,0.902
335,1,0.925,1.74,0.815,0.159,0.793,2.274
336,1,0.602,1.968,1.365,0.035,0.926,7.402
337,1,1.205,0.345,-0.861,0.839,0.128,0.087
338,1,0.477,2.025,1.549,0.028,0.943,9.835
339,1,0.436,0.887,0.451,0.191,0.763,1.913
340,1,1.2,1.078,-0.122,0.331,0.58,0.821
341,1,0.585,1.42,0.835,0.091,0.856,3.534
342,1,0.731,1.364,0.633,0.139,0.799,2.365
343,1,1.766,1.614,-0.152,0.318,0.532,0.674
344,1,2.868,2.12,-0.747,0.369,0.548,0.719
345,1,2.222,0.862,-1.36,0.366,0.579,0.816
346,1,0.953,0.882,-0.071,0.339,0.586,0.84
347,1,0.604,1.567,0.963,0.065,0.887,4.654
348,1,0.848,1.207,0.359,0.195,0.721,1.537
349,1,0.391,0.44,0.049,0.381,0.551,0.728
350,1,0.456,1.066,0.61,0.107,0.853,3.446
351,1,0.444,1.159,0.714,0.102,0.86,3.635
352,1,0.356,1.133,0.776,0.058,0.915,6.361
353,1,0.293,1.083,0.791,0.036,0.946,10.374
354,1,0.415,0.967,0.552,0.11,0.852,3.425
355,1,0.42,2.046,1.625,0.015,0.964,15.719
356,1,0.439,0.966,0.528,0.119,0.841,3.138
357,1,0.472,0.94,0.468,0.145,0.81,2.531
358,1,0.61,0.949,0.339,0.191,0.744,1.726
359,1,0.589,1.313,0.724,0.111,0.834,2.984
360,1,0.281,1.37,1.089,0.015,0.973,21.526
361,1,1.935,1.952,0.017,0.32,0.628,1
362,1,7.667,0.581,-7.086,0.983,0.011,0.007
363,1,1.534,0.942,-0.592,0.275,0.672,1.215
364,1,0.181,0.961,0.779,0.025,0.963,15.344
365,1,0.484,1.272,0.788,0.069,0.893,4.951
366,1,0.437,1.004,0.567,0.101,0.86,3.648
367,1,0.343,1.603,1.26,0.027,0.955,12.552
368,1,0.396,5.099,4.703,0,0.995,112.465
369,1,1.512,2.46,0.947,0.126,0.803,2.415
370,1,1.265,1.749,0.484,0.194,0.689,1.312
371,1,0.711,0.906,0.195,0.279,0.649,1.096
372,1,0.896,0.929,0.033,0.325,0.595,0.872
373,1,0.592,1.914,1.322,0.029,0.937,8.764
374,1,0.708,1.521,0.812,0.1,0.835,3.01
375,1,1.747,2.188,0.442,0.181,0.631,1.015
376,1,1.055,2.5,1.446,0.094,0.865,3.793
377,1,1.089,0.818,-0.271,0.444,0.483,0.555
378,1,0.396,1.084,0.688,0.072,0.895,5.063
379,1,0.525,0.951,0.426,0.163,0.792,2.261
380,1,4.853,1.66,-3.193,0.489,0.372,0.352
381,1,2.845,4.55,1.705,0.248,0.692,1.334
382,1,2.356,0.893,-1.463,0.684,0.237,0.185
383,1,0.428,4.324,3.896,0.001,0.988,48.224
384,1,0.642,0.973,0.331,0.207,0.728,1.59
385,1,0.515,1.981,1.467,0.027,0.937,8.849
386,1,1.935,1.952,0.017,0.32,0.628,1
387,1,0.772,1.47,0.698,0.149,0.778,2.084
388,1,1.696,0.899,-0.797,0.646,0.262,0.21
389,1,0.766,1.247,0.481,0.192,0.735,1.648
390,1,2.034,0.98,-1.054,0.55,0.367,0.344
391,1,1.266,1.081,-0.184,0.43,0.462,0.51
392,1,1.039,1.128,0.089,0.284,0.636,1.039
393,1,1.41,1.143,-0.268,0.421,0.47,0.526
394,1,0.81,1.126,0.315,0.189,0.734,1.641
395,1,0.686,1.707,1.021,0.072,0.881,4.391
396,1,1.513,0.773,-0.74,0.587,0.337,0.302
397,1,2.114,3.431,1.317,0.214,0.726,1.574
398,1,1.167,1.476,0.309,0.227,0.726,1.574
399,1,2.02,4.334,2.314,0.152,0.796,2.317
400,1,4.085,1.749,-2.336,0.56,0.383,0.368
401,1,2.23,1.973,-0.256,0.339,0.586,0.84
402,1,1.669,1.257,-0.412,0.315,0.595,0.87
403,1,0.456,1.386,0.931,0.056,0.908,5.892
404,1,0.531,0.838,0.307,0.214,0.738,1.671
405,1,0.805,1.711,0.906,0.122,0.799,2.356
406,1,0.465,1.471,1.006,0.052,0.914,6.278
407,1,0.497,0.812,0.315,0.216,0.735,1.645
408,1,0.453,0.914,0.461,0.158,0.8,2.367
409,1,0.354,0.884,0.53,0.114,0.851,3.385
410,1,0.922,1.277,0.355,0.198,0.692,1.336
411,1,0.482,15.22,14.737,0,1,66661.442
412,1,0.486,0.97,0.483,0.153,0.803,2.415
413,1,4.887,0.57,-4.317,0.979,0.011,0.007
414,1,1.019,1.753,0.734,0.13,0.751,1.791
415,1,0.838,2.72,1.882,0.019,0.915,6.359
416,1,0.528,0.781,0.253,0.253,0.696,1.36
417,1,0.721,0.676,-0.045,0.458,0.477,0.541
418,1,0.4,0.933,0.533,0.116,0.846,3.263
419,1,0.403,0.735,0.332,0.202,0.751,1.794
420,1,0.376,0.673,0.297,0.217,0.734,1.641
421,1,0.681,0.771,0.09,0.352,0.578,0.811
422,1,0.485,0.609,0.124,0.326,0.618,0.96
423,1,0.248,2.4,2.152,0.001,0.996,133.263
424,1,1.611,1.154,-0.457,0.453,0.411,0.415
425,1,0.369,0.388,0.02,0.44,0.479,0.546
426,1,0.809,0.658,-0.151,0.494,0.443,0.472
427,1,0.502,0.817,0.314,0.215,0.735,1.648
428,1,0.532,1.01,0.478,0.135,0.814,2.596
429,1,0.534,3.34,2.806,0.004,0.968,18.042
430,1,1.935,1.952,0.017,0.32,0.628,1
431,1,1.935,1.952,0.017,0.32,0.628,1
432,1,0.684,0.904,0.22,0.255,0.678,1.249
433,1,1.035,1.826,0.791,0.143,0.741,1.698
434,1,2.449,2.78,0.331,0.171,0.537,0.689
435,1,0.532,8.125,7.592,0,0.995,113.92
436,1,0.646,1.691,1.045,0.081,0.862,3.7
437,1,1.935,1.952,0.017,0.32,0.628,1
438,1,0.452,0.803,0.351,0.199,0.753,1.813
439,1,0.535,1.635,1.1,0.067,0.892,4.883
440,1,0.246,0.824,0.578,0.086,0.885,4.574
441,1,0.391,1.232,0.841,0.048,0.923,7.134
442,1,0.424,1.201,0.777,0.061,0.906,5.692
443,1,0.272,1.223,0.95,0.017,0.97,19.36
444,1,0.352,1.012,0.66,0.067,0.905,5.635
445,1,0.373,1.047,0.674,0.078,0.89,4.819
446,1,0.376,0.683,0.308,0.209,0.743,1.72
447,1,0.381,1.143,0.762,0.058,0.912,6.169
448,1,0.289,0.79,0.501,0.107,0.86,3.649
449,1,0.446,0.74,0.294,0.222,0.73,1.602
450,1,2.108,1.386,-0.722,0.499,0.318,0.276
451,1,0.598,1.224,0.626,0.107,0.837,3.046
452,1,0.394,0.826,0.432,0.147,0.812,2.557
453,1,0.382,0.832,0.45,0.139,0.821,2.725
454,1,0.653,1.33,0.677,0.122,0.822,2.738
455,1,0.407,1.411,1.004,0.041,0.931,8.051
456,1,0.423,0.957,0.533,0.103,0.86,3.631
457,1,0.357,0.993,0.636,0.08,0.89,4.787
458,1,0.259,0.535,0.276,0.252,0.679,1.254
459,1,0.483,0.642,0.159,0.305,0.641,1.058
460,1,1.219,0.424,-0.795,0.626,0.323,0.283
461,1,2.326,0.701,-1.624,0.779,0.165,0.118
462,1,0.402,1.426,1.024,0.041,0.932,8.14
463,1,1.189,0.869,-0.32,0.465,0.444,0.473
464,1,0.3,0.898,0.597,0.078,0.895,5.056
465,1,0.472,0.938,0.466,0.146,0.809,2.515
466,1,0.375,0.265,-0.11,0.544,0.361,0.335
467,1,0.593,1.441,0.848,0.076,0.877,4.229
468,1,0.522,1.316,0.794,0.061,0.898,5.209
469,1,0.576,1.348,0.772,0.114,0.835,3.013
470,1,0.322,0.976,0.654,0.071,0.902,5.461
471,1,0.454,0.931,0.478,0.139,0.819,2.692
472,1,1.93,1.888,-0.042,0.321,0.626,0.995
473,1,0.421,0.806,0.385,0.171,0.784,2.158
474,1,0.376,0.683,0.308,0.209,0.743,1.72
475,1,0.559,0.308,-0.251,0.596,0.331,0.294
476,1,1.803,1.336,-0.468,0.464,0.401,0.397
477,1,0.502,1.918,1.416,0.016,0.964,15.886
478,1,0.354,9.805,9.451,0,1,4678.48
479,1,0.88,1.338,0.458,0.181,0.731,1.616
480,1,0.736,0.824,0.087,0.347,0.582,0.825
481,1,0.739,0.796,0.057,0.355,0.573,0.795
482,1,0.735,2.012,1.277,0.063,0.874,4.109
483,1,0.706,0.922,0.217,0.277,0.653,1.119
484,1,1.274,1.665,0.39,0.221,0.668,1.194
485,1,1.328,1.934,0.606,0.19,0.668,1.196
486,1,1.614,1.8,0.186,0.289,0.547,0.716
487,1,0.917,1.641,0.725,0.113,0.794,2.292
488,1,0.677,1.428,0.751,0.113,0.832,2.934
489,1,0.572,1.256,0.684,0.101,0.851,3.388
490,1,1.935,1.952,0.017,0.32,0.628,1
491,1,2.146,2.436,0.29,0.317,0.494,0.58
492,1,0.978,1.415,0.437,0.185,0.737,1.66
493,1,0.63,0.989,0.359,0.269,0.68,1.262
494,1,6.038,2.367,-3.671,0.771,0.018,0.011
495,1,0.891,0.885,-0.006,0.357,0.563,0.765
496,1,0.798,1.055,0.257,0.248,0.673,1.219
497,1,0.599,0.913,0.315,0.239,0.698,1.373
498,1,0.855,1.017,0.162,0.304,0.606,0.912
499,1,0.84,0.797,-0.043,0.386,0.542,0.702
500,1,1.472,1.119,-0.353,0.385,0.539,0.694
501,1,0.941,0.849,-0.092,0.419,0.494,0.579
502,1,0.565,3.097,2.532,0.006,0.969,18.257
503,1,0.424,0.965,0.541,0.098,0.866,3.847
504,1,1.242,0.713,-0.529,0.561,0.373,0.354
505,1,2.898,0.791,-2.108,0.461,0.482,0.552
506,1,0.658,1.552,0.894,0.084,0.857,3.551
507,1,0.625,1.115,0.49,0.152,0.793,2.27
508,1,1.031,1.144,0.112,0.261,0.634,1.029
509,1,0.73,2.875,2.144,0.006,0.955,12.606
510,1,0.662,1.428,0.766,0.108,0.827,2.845
511,1,1.025,1.828,0.803,0.124,0.757,1.844
512,1,0.529,1.679,1.15,0.055,0.905,5.625
513,1,0.432,1.69,1.258,0.048,0.925,7.284
514,1,0.414,1.545,1.131,0.036,0.937,8.802
515,1,0.8,0.893,0.093,0.301,0.626,0.993
516,1,0.461,1.382,0.921,0.067,0.897,5.18
517,1,0.352,1.189,0.837,0.049,0.927,7.515
518,1,0.8,1.3,0.5,0.154,0.767,1.957
519,1,0.384,2.117,1.733,0.013,0.971,19.666
520,1,0.84,3.112,2.272,0.028,0.895,5.047
521,1,0.619,1.842,1.223,0.053,0.897,5.15
522,1,0.834,0.98,0.146,0.278,0.636,1.037
523,1,0.716,1.443,0.728,0.121,0.804,2.441
524,1,1.151,2.727,1.576,0.059,0.812,2.557
525,1,4.234,1.774,-2.46,0.333,0.586,0.839
526,1,1.357,11.808,10.451,0.067,0.829,2.883
527,1,0.682,1.147,0.465,0.163,0.78,2.099
528,1,2.893,1.005,-1.888,0.354,0.586,0.841
529,1,5.142,0.883,-4.26,0.961,0.013,0.008
530,1,4.15,1.239,-2.911,0.804,0.077,0.05
531,1,1.898,0.934,-0.964,0.588,0.315,0.273
532,1,7.531,0.803,-6.729,0.982,0.007,0.004
533,1,19.708,0.606,-19.101,1,0,0
534,1,1.316,1.455,0.139,0.273,0.597,0.878
535,1,1.619,0.615,-1.004,0.733,0.211,0.159
536,1,0.534,0.869,0.336,0.192,0.759,1.866
537,1,0.606,0.611,0.005,0.38,0.563,0.765
538,1,9.016,0.594,-8.422,1,0,0
539,1,8.002,0.248,-7.754,0.999,0.001,0
540,1,2.479,1.23,-1.249,0.581,0.292,0.245
541,1,0.771,1.056,0.285,0.219,0.719,1.52
542,1,1.058,0.478,-0.58,0.714,0.236,0.184
543,1,1.394,2.734,1.339,0.04,0.75,1.782
544,1,1.612,0.821,-0.791,0.611,0.311,0.268
545,1,2.169,0.561,-1.608,0.809,0.15,0.104
546,1,1.761,0.526,-1.235,0.786,0.17,0.121
547,1,2.018,0.294,-1.724,0.953,0.031,0.019
548,1,1.145,1.125,-0.02,0.355,0.527,0.662
549,1,0.844,0.609,-0.235,0.53,0.406,0.406
550,1,0.589,0.262,-0.327,0.643,0.282,0.234
551,1,0.474,1.12,0.645,0.104,0.855,3.495
552,1,2.808,0.19,-2.618,0.983,0.012,0.007
553,1,0.672,0.754,0.082,0.325,0.624,0.986
554,1,0.502,0.885,0.383,0.183,0.77,1.983
555,1,0.488,0.725,0.237,0.261,0.688,1.308
556,1,1.844,0.527,-1.317,0.786,0.17,0.121
557,1,2.052,0.761,-1.29,0.412,0.536,0.685
558,1,0.468,0.926,0.458,0.242,0.713,1.474
559,1,0.82,0.965,0.145,0.297,0.619,0.963
560,1,0.765,1.022,0.257,0.291,0.646,1.082
561,1,0.714,1.165,0.451,0.156,0.769,1.973
562,1,1.37,1.112,-0.258,0.351,0.556,0.744
563,1,0.975,0.876,-0.099,0.376,0.548,0.719
564,1,1.924,1.921,-0.002,0.321,0.627,0.999
565,1,0.767,0.814,0.047,0.348,0.581,0.824
566,1,0.468,0.926,0.458,0.242,0.713,1.474
567,1,3.461,0.221,-3.24,0.986,0.01,0.006
568,1,0.603,0.809,0.206,0.285,0.653,1.118
569,1,1.706,1.377,-0.329,0.356,0.511,0.621
570,1,4.522,0.463,-4.058,0.95,0.036,0.022
571,1,2.552,0.459,-2.092,0.903,0.072,0.046
572,1,6.647,0.815,-5.832,0.947,0.03,0.019
573,1,3.085,0.405,-2.68,0.977,0.015,0.009
574,1,1.316,0.834,-0.482,0.504,0.417,0.424
575,1,0.521,0.535,0.013,0.39,0.55,0.726
576,1,0.702,2.333,1.632,0.018,0.933,8.323
577,1,1.166,0.429,-0.737,0.741,0.21,0.158
578,1,9.387,0.441,-8.946,1,0,0
579,1,3.288,0.172,-3.116,0.854,0.106,0.07
580,1,0.543,0.575,0.032,0.382,0.56,0.755
581,1,2.932,0.481,-2.451,0.973,0.016,0.01
582,1,1.142,0.475,-0.668,0.734,0.218,0.166
583,1,0.589,0.262,-0.327,0.643,0.282,0.234
584,1,0.491,1.047,0.555,0.111,0.847,3.285
585,1,1.191,0.582,-0.609,0.631,0.314,0.272
586,1,1.176,0.69,-0.486,0.616,0.311,0.268
587,1,2.935,0.279,-2.655,0.966,0.024,0.014
588,1,0.43,1.079,0.649,0.109,0.854,3.477
589,1,0.8,0.245,-0.555,0.826,0.135,0.092
590,1,2.716,0.452,-2.264,0.897,0.079,0.051
591,1,4.732,0.595,-4.137,0.967,0.021,0.013
592,1,1.78,0.498,-1.283,0.818,0.141,0.098
593,1,1.442,0.642,-0.799,0.436,0.51,0.618
594,1,5.87,0.821,-5.049,0.987,0.001,0
595,1,1.241,0.879,-0.362,0.474,0.433,0.453
596,1,2.092,0.665,-1.428,0.783,0.165,0.118
597,1,2.79,0.839,-1.951,0.702,0.226,0.173
598,1,1.255,0.809,-0.446,0.538,0.379,0.362
599,1,2.983,0.223,-2.76,0.98,0.014,0.008
600,1,1.332,0.768,-0.564,0.55,0.377,0.36
601,1,1.421,0.219,-1.201,0.931,0.051,0.032
602,1,0.819,0.768,-0.051,0.399,0.529,0.666
603,1,3.431,0.279,-3.152,0.965,0.025,0.015
604,1,2.828,0.241,-2.587,0.956,0.033,0.02
605,1,0.706,0.829,0.124,0.313,0.616,0.951
606,1,1.549,0.432,-1.117,0.867,0.099,0.065
607,1,2.784,0.409,-2.375,0.673,0.281,0.232
608,1,0.964,0.27,-0.694,0.864,0.106,0.07
609,1,0.821,0.246,-0.575,0.833,0.13,0.088
610,1,1.141,0.66,-0.48,0.564,0.373,0.353
611,1,1.176,3.907,2.73,0.041,0.814,2.59
612,1,1.264,0.777,-0.487,0.511,0.418,0.426
613,1,0.818,0.741,-0.077,0.42,0.509,0.616
614,1,1.28,0.463,-0.817,0.737,0.215,0.162
615,1,2.577,0.467,-2.11,0.908,0.067,0.043
616,1,2.246,0.652,-1.594,0.74,0.213,0.161
617,1,1.559,0.667,-0.893,0.687,0.251,0.199
618,1,1.752,0.714,-1.038,0.742,0.188,0.138
619,1,0.744,0.259,-0.484,0.809,0.15,0.104
620,1,1.281,0.48,-0.801,0.785,0.168,0.12
621,1,3.478,0.652,-2.826,0.931,0.044,0.027
622,1,1.734,0.416,-1.318,0.87,0.099,0.065
623,1,1.836,0.973,-0.862,0.584,0.309,0.265
624,1,5.583,0.49,-5.093,0.977,0.015,0.009
625,1,0.575,0.342,-0.233,0.574,0.356,0.328
626,1,4.266,0.491,-3.775,0.732,0.233,0.18
627,1,36.044,0.466,-35.578,1,0,0
628,1,3.232,0.208,-3.024,0.982,0.013,0.008
629,1,0.775,0.821,0.045,0.357,0.57,0.788
630,1,1.41,0.248,-1.162,0.882,0.092,0.06
631,1,3.501,0.567,-2.935,0.92,0.057,0.036
632,1,2.396,0.509,-1.887,0.829,0.135,0.093
633,1,1.817,0.948,-0.869,0.59,0.309,0.266
634,1,1.651,0.589,-1.062,0.753,0.195,0.144
635,1,2.418,0.464,-1.954,0.909,0.066,0.042
636,1,3.695,0.859,-2.837,0.491,0.45,0.485
637,1,1.186,0.252,-0.934,0.871,0.1,0.066
638,1,2.89,2.649,-0.241,0.249,0.491,0.571
639,1,1.728,0.791,-0.938,0.615,0.311,0.268
640,1,1.497,0.683,-0.814,0.663,0.272,0.221
641,1,1.482,0.794,-0.688,0.574,0.347,0.315
642,1,1.464,0.547,-0.917,0.682,0.267,0.217
643,1,2.78,0.201,-2.578,0.964,0.026,0.016
644,1,4.014,0.51,-3.504,0.963,0.024,0.014
645,1,1.072,1.013,-0.059,0.334,0.568,0.781
646,1,1.053,0.975,-0.078,0.341,0.574,0.799
647,1,14.101,0.433,-13.668,1,0,0
648,1,6.54,0.227,-6.313,1,0,0
649,1,1.22,0.977,-0.243,0.372,0.544,0.708
650,1,0.361,1.314,0.953,0.037,0.939,9.139
651,1,2.42,0.568,-1.851,0.808,0.151,0.106
652,1,2.022,0.316,-1.706,0.896,0.08,0.052
653,1,2.567,0.755,-1.812,0.706,0.234,0.181
654,1,0.985,1.453,0.467,0.173,0.715,1.489
655,1,0.477,0.775,0.298,0.219,0.733,1.628
656,1,1.625,0.952,-0.674,0.544,0.353,0.324
657,1,0.603,0.931,0.329,0.2,0.746,1.743
658,1,2.183,0.777,-1.407,0.795,0.139,0.096
659,1,2.983,0.291,-2.692,0.941,0.045,0.028
660,1,9.458,0.429,-9.029,1,0,0
661,1,0.351,1.036,0.685,0.063,0.909,5.896
662,1,1.745,0.205,-1.54,0.953,0.034,0.021
663,1,1.316,0.862,-0.454,0.569,0.329,0.292
664,1,3.946,1.21,-2.736,0.762,0.123,0.083
665,1,1.054,0.854,-0.2,0.447,0.462,0.51
666,1,2.049,0.787,-1.262,0.647,0.289,0.242
667,1,0.905,5.918,5.013,0.021,0.938,9.011
668,1,1.846,0.653,-1.193,0.723,0.221,0.168
669,1,0.894,0.51,-0.384,0.626,0.314,0.271
670,1,1.944,1.408,-0.537,0.468,0.377,0.359
671,1,0.688,1.224,0.536,0.142,0.79,2.234
672,1,2.444,0.445,-1.999,0.923,0.055,0.035
673,1,0.932,0.198,-0.734,0.88,0.089,0.058
674,1,1.836,0.26,-1.576,0.929,0.054,0.034
675,1,1.301,0.279,-1.022,0.881,0.094,0.061
676,1,4.87,0.171,-4.699,0.999,0.001,0.001
677,1,0.938,0.972,0.034,0.314,0.626,0.992
678,1,1.358,0.495,-0.863,0.782,0.171,0.123
679,1,2.878,0.262,-2.616,0.97,0.021,0.013
680,1,8.342,0.205,-8.137,1,0,0
681,1,2.806,0.295,-2.511,0.984,0.009,0.005
682,1,3.2,0.249,-2.952,0.98,0.014,0.008
683,1,16.996,0.431,-16.565,1,0,0
684,1,2.25,0.756,-1.494,0.678,0.26,0.209
685,1,1.216,0.351,-0.866,0.786,0.175,0.126
686,1,2.303,0.687,-1.617,0.748,0.199,0.147
687,1,1.097,0.253,-0.844,0.855,0.114,0.076
688,1,1.099,0.998,-0.101,0.345,0.569,0.784
689,1,1.661,0.47,-1.191,0.82,0.141,0.097
690,1,4.404,0.603,-3.801,0.961,0.025,0.015
691,1,0.98,0.764,-0.216,0.497,0.422,0.432
692,1,0.952,0.952,0,0.301,0.622,0.975
693,1,0.964,0.778,-0.187,0.454,0.472,0.531
694,1,3.991,0.464,-3.527,0.957,0.03,0.019
695,1,0.937,1.027,0.09,0.299,0.609,0.924
696,1,9.63,0.736,-8.894,1,0,0
697,1,1.607,0.524,-1.083,0.75,0.208,0.156
698,1,21.648,0.489,-21.159,1,0,0
699,1,1.796,0.669,-1.128,0.71,0.232,0.179
700,1,4.287,0.786,-3.501,0.879,0.083,0.054
701,1,1.025,0.63,-0.396,0.616,0.316,0.274
702,1,0.688,1.64,0.953,0.092,0.846,3.257
703,1,2.416,0.79,-1.626,0.694,0.243,0.19
704,1,2.662,1.014,-1.648,0.704,0.205,0.153
705,1,31.594,0.575,-31.019,1,0,0
706,1,0.703,0.922,0.219,0.257,0.669,1.198
707,1,7.474,0.715,-6.759,0.995,0.002,0.001
708,1,5.003,0.217,-4.787,0.989,0.008,0.005
709,1,0.445,0.926,0.482,0.144,0.814,2.595
710,1,0.939,0.356,-0.583,0.769,0.189,0.139
711,1,2.81,0.409,-2.401,0.681,0.274,0.224
712,1,1.651,1.195,-0.456,0.462,0.418,0.427
713,1,1.985,0.206,-1.779,0.956,0.033,0.02
714,1,3.866,0.509,-3.357,0.915,0.065,0.041
715,1,2.54,0.349,-2.19,0.959,0.027,0.016
716,1,0.52,0.839,0.319,0.209,0.742,1.71
717,1,0.497,0.66,0.164,0.3,0.646,1.084
718,1,2.556,0.195,-2.361,0.991,0.006,0.004
719,1,2.479,0.711,-1.767,0.777,0.17,0.122
720,1,0.845,0.628,-0.217,0.531,0.403,0.401
721,1,1.202,0.783,-0.419,0.582,0.333,0.296
722,1,1.819,0.742,-1.076,0.68,0.262,0.211
723,1,1.011,1.065,0.055,0.279,0.632,1.019
724,1,5.237,0.627,-4.61,0.96,0.025,0.015
725,1,1.626,0.607,-1.019,0.733,0.213,0.16
726,1,1.631,0.906,-0.726,0.483,0.467,0.52
727,1,0.421,0.853,0.432,0.157,0.799,2.365
728,1,0.368,0.928,0.56,0.128,0.835,2.994
729,1,0.432,2.526,2.095,0.007,0.979,27.128
730,1,0.637,1.504,0.867,0.057,0.887,4.641
731,1,0.63,0.784,0.154,0.317,0.613,0.94
732,1,0.521,0.916,0.395,0.163,0.782,2.124
733,1,0.597,1.39,0.794,0.072,0.874,4.133
734,1,1.333,2.805,1.472,0.058,0.766,1.942
735,1,0.55,1.602,1.052,0.055,0.901,5.401
736,1,0.339,0.877,0.538,0.11,0.856,3.528
737,1,0.434,1.152,0.718,0.085,0.88,4.344
738,1,0.668,1.471,0.804,0.109,0.834,2.984
739,1,0.583,0.938,0.355,0.192,0.746,1.747
740,1,1.926,1.843,-0.083,0.322,0.626,0.992
741,1,1.935,1.952,0.017,0.32,0.628,1
742,1,0.562,1.644,1.082,0.069,0.888,4.683
743,1,0.499,1.217,0.718,0.109,0.847,3.283
744,1,0.529,0.854,0.325,0.21,0.741,1.695
745,1,0.463,2.474,2.011,0.005,0.985,37.808
746,1,0.502,1.932,1.43,0.034,0.932,8.146
747,1,0.414,1.059,0.645,0.102,0.862,3.699
748,1,1.935,1.952,0.017,0.32,0.628,1
749,1,0.256,1.36,1.105,0.012,0.978,26.356
750,1,0.732,1.015,0.282,0.235,0.695,1.35
751,1,0.326,9.793,9.467,0,1,4471.217
752,1,1.247,1.354,0.108,0.348,0.556,0.742
753,1,1.981,1.092,-0.889,0.566,0.324,0.284
754,1,0.836,0.608,-0.228,0.492,0.475,0.537
755,1,0.601,0.938,0.337,0.224,0.717,1.501
756,1,1.152,1.528,0.376,0.196,0.71,1.451
757,1,1.632,2.637,1.004,0.075,0.691,1.325
758,1,0.425,1.324,0.899,0.049,0.92,6.784
759,1,0.416,6.021,5.605,0,0.994,98.897
760,1,0.472,1.569,1.097,0.045,0.921,6.915
761,1,1.656,3.216,1.56,0.154,0.771,1.993
762,1,0.384,1.219,0.835,0.047,0.925,7.342
763,1,0.347,1.118,0.771,0.045,0.93,7.851
764,1,0.829,1.019,0.19,0.26,0.66,1.153
765,1,0.846,1.081,0.235,0.24,0.665,1.179
766,1,0.464,1.583,1.118,0.038,0.931,8.065
767,1,1.161,1.128,-0.033,0.31,0.6,0.888
768,1,0.426,1.011,0.584,0.102,0.859,3.605
769,1,0.337,1.69,1.353,0.013,0.972,20.465
770,1,1.553,0.893,-0.66,0.505,0.409,0.41
771,1,3.288,0.172,-3.116,0.854,0.106,0.07
772,1,0.417,0.798,0.381,0.18,0.775,2.047
773,1,0.94,0.807,-0.132,0.296,0.652,1.113
774,1,0.449,1.759,1.31,0.028,0.943,9.761
775,1,0.596,0.979,0.383,0.186,0.752,1.799
776,1,18.752,0.493,-18.259,1,0,0
777,1,0.662,1.803,1.141,0.066,0.878,4.274
778,1,0.33,2.01,1.68,0.009,0.979,28.232
779,1,0.527,0.747,0.219,0.279,0.657,1.137
780,1,0.351,1.011,0.66,0.066,0.906,5.692
781,1,0.381,1.028,0.647,0.084,0.884,4.511
782,1,0.431,1.316,0.885,0.061,0.907,5.788
783,1,0.723,0.777,0.054,0.343,0.587,0.842
784,1,0.348,1.549,1.201,0.019,0.963,15.398
785,1,0.379,2.004,1.625,0.011,0.972,20.584
786,1,0.295,0.883,0.589,0.102,0.867,3.878
787,1,0.952,1.381,0.429,0.217,0.696,1.362
788,1,1.722,1.56,-0.162,0.324,0.56,0.755
789,1,0.846,0.879,0.033,0.317,0.608,0.921
790,1,0.993,1.202,0.209,0.243,0.677,1.243
791,1,2.382,1.417,-0.965,0.468,0.394,0.386
792,1,0.509,0.817,0.308,0.223,0.727,1.581
793,1,1.625,0.822,-0.803,0.608,0.312,0.27
794,1,0.625,0.906,0.281,0.239,0.704,1.412
795,1,1.935,1.952,0.017,0.32,0.628,1
796,1,0.494,1.221,0.727,0.096,0.863,3.746
797,1,0.458,0.928,0.469,0.16,0.797,2.334
798,1,0.97,1.025,0.055,0.323,0.602,0.896
799,1,1.206,2.422,1.216,0.065,0.798,2.341
800,1,0.91,0.584,-0.326,0.571,0.369,0.346
801,1,0.333,0.757,0.423,0.148,0.812,2.562
802,1,0.839,0.769,-0.069,0.405,0.525,0.655
803,1,1.43,0.881,-0.55,0.542,0.373,0.352
804,1,0.512,1.563,1.051,0.053,0.909,5.908
805,1,0.711,0.814,0.102,0.339,0.588,0.848
806,1,0.394,1.035,0.641,0.089,0.877,4.242
807,1,1.419,1.302,-0.117,0.301,0.584,0.832
808,1,0.498,1.402,0.903,0.067,0.892,4.924
809,1,0.483,1.818,1.335,0.035,0.932,8.078
810,1,0.438,2.137,1.699,0.019,0.958,13.583
811,1,4.287,0.572,-3.715,0.766,0.193,0.142
812,1,0.591,0.964,0.373,0.202,0.741,1.699
813,1,0.354,0.969,0.615,0.083,0.886,4.597
814,1,0.882,0.487,-0.395,0.705,0.243,0.19
815,1,0.471,0.836,0.365,0.188,0.766,1.945
816,1,0.394,0.735,0.341,0.198,0.755,1.831
817,1,0.729,2.357,1.627,0.045,0.894,5.027
818,1,0.348,1.61,1.262,0.025,0.957,13.078
819,1,0.671,0.696,0.024,0.412,0.52,0.643
820,1,0.322,0.937,0.615,0.076,0.896,5.097
821,1,1.083,0.74,-0.343,0.491,0.44,0.465
822,1,0.38,0.985,0.606,0.082,0.885,4.562
823,1,0.375,1.19,0.815,0.048,0.924,7.266
824,1,1.115,1.453,0.338,0.233,0.682,1.271
825,1,1.873,0.854,-1.02,0.491,0.441,0.468
826,1,0.509,1.076,0.567,0.121,0.835,2.997
827,1,0.439,1.068,0.628,0.098,0.865,3.795
828,1,0.398,1.97,1.571,0.018,0.963,15.287
829,1,0.622,1.262,0.64,0.111,0.829,2.884
830,1,0.692,1.049,0.357,0.185,0.742,1.705
831,1,0.633,1.28,0.647,0.12,0.818,2.669
832,1,0.686,0.516,-0.17,0.574,0.369,0.347
833,1,1.935,1.952,0.017,0.32,0.628,1
834,1,0.511,1.477,0.966,0.073,0.889,4.772
835,1,0.457,2.629,2.172,0.008,0.974,22.507
836,1,0.899,1.068,0.169,0.253,0.666,1.184
837,1,0.532,1.464,0.932,0.067,0.889,4.743
838,1,0.82,1.377,0.556,0.178,0.739,1.682
839,1,0.365,2.08,1.714,0.009,0.976,23.901
840,1,0.216,2.203,1.986,0.002,0.995,127.54
841,1,0.756,1.036,0.281,0.216,0.707,1.434
842,1,2.51,5.992,3.482,0.166,0.774,2.033
843,1,2.231,3.599,1.368,0.195,0.745,1.729
844,1,0.741,0.892,0.151,0.281,0.647,1.087
845,1,0.763,1.046,0.283,0.223,0.703,1.407
846,1,0.378,0.895,0.517,0.111,0.852,3.423
847,1,1.115,2.761,1.646,0.019,0.847,3.279
848,1,3.766,0.904,-2.862,0.553,0.379,0.363
849,1,0.954,1.577,0.623,0.149,0.755,1.831
850,1,0.64,0.992,0.353,0.21,0.736,1.655
851,1,4.444,0.964,-3.479,0.404,0.54,0.698
852,1,0.631,1.478,0.846,0.079,0.862,3.707
853,1,0.441,1.143,0.702,0.069,0.894,4.993
854,1,1.359,2.387,1.028,0.121,0.755,1.828
855,1,1.349,1.698,0.349,0.194,0.749,1.771
856,1,0.751,2.175,1.424,0.046,0.912,6.13
857,1,0.632,1.607,0.975,0.061,0.883,4.461
858,1,1.238,0.633,-0.605,0.445,0.503,0.6
859,1,1.933,3.983,2.051,0.044,0.678,1.25
860,1,0.329,1.1,0.77,0.051,0.925,7.338
861,1,0.364,1.063,0.699,0.061,0.91,5.977
862,1,0.365,2.708,2.342,0.003,0.987,46.756
863,1,0.541,1.606,1.065,0.067,0.892,4.927
864,1,1.92,1.765,-0.155,0.324,0.624,0.986
865,1,0.344,1.983,1.639,0.01,0.976,24.52
866,1,0.387,2.015,1.627,0.013,0.969,18.367
867,1,0.266,0.208,-0.057,0.498,0.373,0.354
868,1,0.354,7.324,6.97,0,0.999,613.655
869,1,0.387,14.012,13.624,0,1,8515.612
870,1,0.742,1.291,0.549,0.166,0.763,1.911
871,1,0.632,0.744,0.112,0.378,0.552,0.73
872,1,1.214,1.843,0.629,0.158,0.742,1.706
873,1,34.986,7.684,-27.302,0.941,0.013,0.008
874,1,0.652,2.152,1.499,0.041,0.909,5.942
875,1,0.605,1.919,1.314,0.043,0.911,6.065
876,1,0.68,0.784,0.104,0.354,0.578,0.814
877,1,1.192,0.682,-0.51,0.643,0.283,0.234
878,1,1.148,2.93,1.781,0.043,0.816,2.625
879,1,16.822,3.199,-13.623,0.692,0.243,0.19
880,1,1.975,1.488,-0.487,0.332,0.565,0.77
881,1,0.679,1.202,0.524,0.134,0.797,2.325
882,1,0.638,0.826,0.188,0.282,0.649,1.095
883,1,0.697,0.551,-0.146,0.543,0.391,0.381
884,1,0.441,1.058,0.617,0.102,0.86,3.654
885,1,0.525,1.212,0.687,0.106,0.848,3.308
886,1,0.722,0.857,0.135,0.328,0.598,0.884
887,1,0.697,2.119,1.422,0.039,0.907,5.763
888,1,0.825,1.061,0.236,0.238,0.684,1.283
889,1,0.571,1.099,0.528,0.139,0.812,2.568
890,1,2.541,0.631,-1.91,0.778,0.174,0.125
891,1,1.906,0.894,-1.012,0.648,0.261,0.21
892,1,0.756,0.511,-0.246,0.635,0.309,0.266
893,1,0.924,0.788,-0.136,0.42,0.508,0.614
894,1,0.585,1.285,0.7,0.084,0.863,3.737
895,1,0.506,2.301,1.794,0.02,0.95,11.22
896,1,1.191,3.105,1.913,0.054,0.822,2.745
897,1,5.032,2.998,-2.033,0.25,0.63,1.008
898,1,1.328,1.978,0.651,0.166,0.654,1.123
899,1,2.492,0.967,-1.525,0.566,0.387,0.374
900,1,1.194,1.099,-0.095,0.343,0.552,0.731
901,1,0.518,1.517,0.999,0.051,0.909,5.899
902,1,0.61,1.264,0.654,0.126,0.821,2.717
903,1,0.29,3.827,3.537,0,0.998,252.073
904,1,0.75,1.031,0.281,0.228,0.696,1.356
905,1,0.548,0.845,0.298,0.237,0.714,1.483
906,1,2.656,2.128,-0.528,0.365,0.562,0.76
907,1,0.523,0.891,0.368,0.188,0.764,1.919
908,1,0.756,0.511,-0.246,0.635,0.309,0.266
909,1,0.374,0.867,0.494,0.128,0.834,2.979
910,1,0.444,1.206,0.762,0.074,0.89,4.809
911,1,1.612,2.606,0.994,0.103,0.823,2.75
912,1,23.157,0.833,-22.324,0.886,0.097,0.064
913,1,1.13,0.659,-0.47,0.435,0.513,0.624
914,1,0.727,0.501,-0.226,0.628,0.316,0.274
915,1,0.386,0.562,0.176,0.296,0.646,1.083
916,1,1.935,1.952,0.017,0.32,0.628,1
917,1,0.829,0.978,0.149,0.268,0.679,1.256
918,1,0.42,0.844,0.424,0.167,0.79,2.239
919,1,0.46,1.737,1.277,0.031,0.938,8.908
920,1,0.434,1.311,0.876,0.06,0.907,5.78
921,1,0.691,2.304,1.613,0.048,0.902,5.469
922,1,0.976,2.043,1.067,0.095,0.807,2.48
923,1,0.425,1.208,0.783,0.059,0.907,5.799
924,1,0.826,1.025,0.199,0.265,0.658,1.141
925,1,0.929,0.936,0.007,0.34,0.57,0.786
926,1,0.42,5.72,5.3,0,0.993,87.219
927,1,0.707,1.252,0.546,0.146,0.788,2.203
928,1,0.425,0.834,0.409,0.165,0.791,2.247
929,1,0.884,0.722,-0.162,0.51,0.415,0.421
930,1,1.043,1.744,0.701,0.213,0.711,1.458
931,1,0.894,2.385,1.491,0.069,0.85,3.375
932,1,3.067,2.808,-0.259,0.344,0.599,0.886
933,1,3.612,1.2,-2.412,0.57,0.388,0.377
934,1,1.485,1.287,-0.199,0.276,0.675,1.232
935,1,0.396,1.28,0.885,0.044,0.928,7.599
936,1,0.626,1.043,0.417,0.168,0.77,1.985
937,1,0.553,2.014,1.46,0.052,0.908,5.89
938,1,0.865,1.434,0.569,0.176,0.781,2.111
939,1,0.452,1.116,0.663,0.103,0.859,3.613
940,1,0.469,1.729,1.26,0.031,0.94,9.378
941,1,0.924,0.794,-0.129,0.417,0.51,0.618
942,1,0.781,1.01,0.229,0.252,0.692,1.335
943,1,0.529,0.99,0.461,0.155,0.793,2.28
944,1,3.714,1.156,-2.558,0.584,0.372,0.352
945,1,0.499,1.02,0.522,0.117,0.839,3.091
946,1,0.784,1.167,0.383,0.183,0.738,1.669
947,1,5.548,2.326,-3.222,0.649,0.098,0.065
948,1,0.499,0.324,-0.175,0.563,0.361,0.335
949,1,0.866,0.962,0.096,0.277,0.648,1.091
950,1,0.426,1.084,0.659,0.08,0.884,4.534
951,1,0.76,0.884,0.124,0.298,0.625,0.989
952,1,0.383,0.584,0.201,0.281,0.663,1.167
953,1,0.644,1.003,0.358,0.19,0.744,1.726
954,1,0.77,0.896,0.125,0.361,0.568,0.78
955,1,5.477,26.974,21.497,0.073,0.875,4.142
956,1,0.262,0.47,0.207,0.243,0.692,1.335
957,1,0.586,1.208,0.622,0.09,0.854,3.483
958,1,1.153,0.761,-0.391,0.469,0.462,0.51
959,1,0.521,0.635,0.114,0.325,0.62,0.97
960,1,0.37,0.996,0.627,0.073,0.896,5.088
961,1,0.26,0.585,0.325,0.182,0.767,1.954
962,1,0.333,1.559,1.225,0.017,0.967,17.259
963,1,0.449,0.961,0.513,0.125,0.834,2.991
964,1,0.855,2.877,2.022,0.01,0.921,6.917
965,1,0.523,2.106,1.583,0.012,0.969,18.539
966,1,0.598,2.589,1.991,0.017,0.947,10.634
967,1,0.356,2.039,1.683,0.012,0.974,22.256
968,1,0.563,1.575,1.013,0.069,0.884,4.542
969,1,0.612,1.129,0.517,0.17,0.787,2.195
970,1,0.429,1.391,0.962,0.054,0.914,6.332
971,1,0.775,2.38,1.605,0.051,0.885,4.559
972,1,0.842,1.828,0.986,0.083,0.837,3.044
973,1,0.754,0.891,0.137,0.282,0.645,1.08
974,1,0.425,0.889,0.464,0.158,0.808,2.503
975,1,0.676,1.106,0.43,0.183,0.75,1.783
976,1,1.935,1.952,0.017,0.32,0.628,1
977,1,1.9,0.25,-1.65,0.934,0.05,0.031
978,1,0.347,0.978,0.631,0.087,0.882,4.44
979,1,0.641,2.591,1.949,0.012,0.951,11.526
980,1,0.524,0.933,0.409,0.178,0.773,2.021
981,1,0.431,0.849,0.418,0.166,0.789,2.224
982,1,0.406,1.298,0.891,0.053,0.917,6.523
983,1,7.622,0.862,-6.76,0.949,0.026,0.016
984,1,0.506,0.955,0.449,0.163,0.792,2.266
985,1,2.585,1.364,-1.222,0.273,0.657,1.136
986,1,0.417,1.048,0.631,0.097,0.867,3.861
987,1,0.522,1.298,0.776,0.076,0.888,4.683
988,1,0.624,1.395,0.771,0.093,0.847,3.297
989,1,0.711,0.992,0.282,0.227,0.702,1.4
990,1,0.696,1.022,0.326,0.206,0.722,1.539
991,1,0.835,1.017,0.182,0.26,0.662,1.161
992,1,0.255,0.866,0.611,0.062,0.915,6.392
993,1,0.729,0.742,0.012,0.386,0.544,0.709
994,1,0.506,0.956,0.449,0.149,0.806,2.463
995,1,0.857,0.909,0.052,0.321,0.627,0.997
996,1,0.64,0.882,0.242,0.232,0.714,1.484
997,1,0.345,1.327,0.982,0.034,0.944,10.079
998,1,0.438,0.651,0.213,0.283,0.662,1.165
999,1,0.775,1.971,1.196,0.06,0.873,4.078
1000,1,0.261,2.842,2.581,0,0.998,370.59
1001,1,1.287,0.77,-0.517,0.592,0.33,0.292
1002,1,0.732,0.689,-0.043,0.428,0.502,0.599
1003,1,0.358,1.116,0.759,0.046,0.928,7.628
1004,1,1.335,1.344,0.008,0.174,0.77,1.982
1005,1,0.913,1.205,0.292,0.231,0.688,1.306
1006,1,0.95,1.314,0.364,0.216,0.694,1.347
1007,1,1.873,30.161,28.288,0,0.999,582.278
1008,1,0.397,13.58,13.183,0,1,15642.644
1009,1,0.534,0.86,0.327,0.206,0.745,1.732
1010,1,0.383,0.914,0.531,0.127,0.836,3.022
1011,1,0.351,1.063,0.712,0.057,0.916,6.461
1012,1,0.423,0.368,-0.055,0.492,0.431,0.449
1013,1,1.842,1.846,0.004,0.32,0.628,1.003
1014,1,0.479,0.76,0.281,0.224,0.727,1.58
1015,1,0.423,1.021,0.598,0.093,0.87,3.968
1016,1,0.384,2.646,2.263,0.005,0.983,33.529
1017,1,0.432,0.872,0.439,0.158,0.799,2.362
1018,1,0.42,1.047,0.627,0.083,0.881,4.393
1019,1,1.2,1.99,0.79,0.14,0.73,1.604
1020,1,1.507,0.309,-1.198,0.833,0.134,0.092
1021,1,0.275,1.167,0.892,0.021,0.966,16.64
1022,1,0.748,0.98,0.232,0.238,0.688,1.311
1023,1,0.463,1.312,0.848,0.066,0.897,5.18
1024,1,0.456,0.889,0.432,0.16,0.797,2.328
1025,1,0.595,1.021,0.426,0.189,0.755,1.831
1026,1,1.935,1.952,0.017,0.32,0.628,1
1027,1,0.421,1.227,0.806,0.064,0.902,5.49
1028,1,0.672,0.912,0.24,0.241,0.688,1.31
1029,1,0.831,0.891,0.059,0.326,0.612,0.936
1030,1,1.645,0.514,-1.131,0.8,0.157,0.11
1031,1,0.501,0.767,0.266,0.242,0.707,1.43
1032,1,0.611,0.936,0.325,0.192,0.744,1.725
1033,1,0.328,1.095,0.767,0.047,0.93,7.894
1034,1,0.415,0.845,0.43,0.159,0.798,2.34
1035,1,0.251,0.882,0.631,0.058,0.92,6.799
1036,1,0.432,1.192,0.76,0.083,0.882,4.451
1037,1,0.417,1.379,0.962,0.045,0.926,7.376
1038,1,0.343,1.056,0.712,0.067,0.905,5.683
1039,1,0.417,1.427,1.01,0.042,0.929,7.797
1040,1,0.575,0.342,-0.233,0.574,0.356,0.328
1041,1,0.468,0.843,0.376,0.184,0.77,1.99
1042,1,0.926,1.944,1.018,0.099,0.819,2.689
1043,1,1.935,1.952,0.017,0.32,0.628,1
1044,1,0.387,1.547,1.16,0.033,0.942,9.712
1045,1,0.758,1.014,0.256,0.296,0.651,1.109
1046,1,1.137,0.918,-0.219,0.436,0.472,0.53
1047,1,0.557,1.224,0.668,0.099,0.855,3.513
1048,1,0.344,0.831,0.488,0.123,0.841,3.135
1049,1,0.413,0.804,0.391,0.176,0.779,2.094
1050,1,1.058,0.818,-0.24,0.478,0.439,0.464
1051,1,0.581,0.494,-0.086,0.568,0.375,0.357
1052,1,0.25,0.951,0.701,0.038,0.944,10.092
1053,1,1.609,0.963,-0.646,0.543,0.366,0.343
1054,1,0.449,1.741,1.291,0.031,0.94,9.269
1055,1,0.483,1.032,0.548,0.121,0.836,3.034
1056,1,0.299,1.188,0.889,0.031,0.951,11.593
1057,1,0.656,0.773,0.117,0.336,0.594,0.868
1058,1,0.617,0.826,0.21,0.266,0.683,1.277
1059,1,0.405,0.926,0.521,0.116,0.846,3.255
1060,1,0.713,0.776,0.063,0.365,0.561,0.76
1061,1,0.873,0.491,-0.382,0.68,0.266,0.215
1062,1,0.342,1.209,0.867,0.037,0.941,9.404
1063,1,0.351,0.718,0.367,0.177,0.779,2.089
1064,1,0.396,0.687,0.291,0.236,0.714,1.479
1065,1,0.315,0.747,0.433,0.139,0.822,2.745
1066,1,4.769,1.224,-3.545,0.603,0.335,0.299
1067,1,0.399,0.904,0.505,0.123,0.839,3.086
1068,1,0.347,1.089,0.742,0.051,0.923,7.117
1069,1,0.352,0.695,0.343,0.203,0.749,1.775
1070,1,0.627,1.079,0.452,0.184,0.771,2.003
1071,1,0.415,1.006,0.591,0.099,0.864,3.774
1072,1,0.799,0.596,-0.204,0.552,0.384,0.37
1073,1,0.304,0.231,-0.073,0.517,0.37,0.348
1074,1,0.354,0.973,0.619,0.08,0.89,4.791
1075,1,0.553,0.719,0.166,0.315,0.632,1.02
1076,1,0.432,0.574,0.141,0.322,0.621,0.97
1077,1,0.434,0.912,0.478,0.134,0.825,2.792
1078,1,0.389,2.446,2.057,0.005,0.982,31.871
1079,1,0.482,0.893,0.411,0.172,0.779,2.087
1080,1,0.377,0.654,0.277,0.227,0.722,1.544
1081,1,0.346,0.75,0.404,0.16,0.799,2.354
1082,1,0.443,1.056,0.613,0.106,0.856,3.533
1083,1,0.561,0.918,0.357,0.214,0.735,1.646
1084,1,0.329,1.063,0.734,0.054,0.922,6.971
1085,1,0.364,0.953,0.589,0.091,0.876,4.197
1086,1,0.652,0.864,0.212,0.293,0.635,1.033
1087,1,0.343,1.873,1.53,0.011,0.975,23.18
1088,1,0.747,1.086,0.339,0.202,0.728,1.589
1089,1,0.939,0.907,-0.032,0.251,0.696,1.359
1090,1,0.242,2.627,2.385,0.001,0.997,197.428
1091,1,0.566,0.937,0.371,0.192,0.749,1.769
1092,1,0.337,1.437,1.1,0.023,0.958,13.649
1093,1,0.406,0.746,0.34,0.196,0.757,1.85
1094,1,1.236,0.694,-0.542,0.544,0.391,0.381
1095,1,0.443,0.999,0.556,0.106,0.855,3.5
1096,1,0.798,0.77,-0.029,0.431,0.49,0.571
1097,1,0.742,0.568,-0.174,0.557,0.379,0.363
1098,1,0.63,0.77,0.139,0.313,0.634,1.027
1099,1,0.421,0.847,0.426,0.165,0.793,2.267
1100,1,0.438,0.578,0.14,0.322,0.62,0.969
1101,1,0.481,0.758,0.277,0.23,0.72,1.529
1102,1,0.337,2.282,1.945,0.01,0.979,27.623
1103,1,0.502,1.064,0.562,0.112,0.843,3.197
1104,1,0.893,1.107,0.215,0.231,0.699,1.378
1105,1,1.935,1.952,0.017,0.32,0.628,1
1106,1,1.837,0.7,-1.136,0.434,0.514,0.627
1107,1,1.917,1.92,0.004,0.32,0.628,1
1108,1,0.834,1.384,0.55,0.169,0.751,1.789
1109,1,13.165,1.38,-11.785,0.998,0,0
1110,1,0.648,1.299,0.65,0.111,0.831,2.912
1111,1,0.358,1.326,0.968,0.031,0.947,10.562
1112,1,0.439,0.887,0.447,0.145,0.813,2.574
1113,1,0.465,0.288,-0.178,0.578,0.34,0.306
1114,1,0.388,1.031,0.643,0.079,0.888,4.726
1115,1,1.285,0.626,-0.659,0.451,0.496,0.584
1116,1,0.434,1.092,0.658,0.083,0.88,4.372
1117,1,0.36,0.589,0.229,0.264,0.681,1.265
1118,1,0.814,0.658,-0.157,0.5,0.432,0.451
1119,1,0.261,1.058,0.797,0.031,0.954,12.17
1120,1,0.362,0.861,0.499,0.127,0.836,3.026
1121,1,1.935,1.952,0.017,0.32,0.628,1
1122,1,0.341,0.884,0.543,0.101,0.866,3.836
1123,1,0.433,1.123,0.69,0.091,0.875,4.148
1124,1,0.258,0.534,0.276,0.252,0.679,1.254
1125,1,0.665,0.494,-0.171,0.493,0.448,0.482
1126,1,0.425,1.09,0.665,0.092,0.872,4.045
1127,1,0.465,0.361,-0.104,0.523,0.403,0.4
1128,1,0.48,2.633,2.154,0.009,0.967,17.596
1129,1,0.371,1.109,0.737,0.064,0.906,5.737
1130,1,0.69,1.007,0.317,0.215,0.732,1.625
1131,1,0.256,0.703,0.447,0.116,0.848,3.318
1132,1,0.424,1.236,0.811,0.06,0.907,5.799
1133,1,0.491,0.716,0.226,0.268,0.68,1.264
1134,1,0.613,0.935,0.321,0.208,0.74,1.687
1135,1,9.537,0.6,-8.937,0.999,0,0
1136,1,1.231,1.431,0.2,0.189,0.76,1.876
1137,1,0.635,1.232,0.597,0.133,0.806,2.469
1138,1,0.341,1.13,0.789,0.05,0.925,7.349
1139,1,0.345,0.759,0.414,0.156,0.803,2.422
1140,1,0.563,0.673,0.11,0.372,0.562,0.76
1141,1,0.428,0.907,0.478,0.143,0.815,2.61
1142,1,0.424,0.779,0.355,0.204,0.749,1.771
1143,1,0.515,1.562,1.046,0.061,0.899,5.298
1144,1,0.386,1.028,0.643,0.098,0.868,3.889
1145,1,0.513,2.02,1.508,0.052,0.915,6.364
1146,1,0.452,5.934,5.481,0.001,0.988,49.918
1147,1,0.713,1.455,0.742,0.09,0.845,3.238
1148,1,0.366,7.02,6.654,0,0.999,611.799
1149,1,0.684,1.046,0.362,0.187,0.741,1.701
1150,1,0.228,1.859,1.631,0.004,0.991,67.78
1151,1,0.417,1.213,0.797,0.055,0.912,6.145
1152,1,0.461,4.52,4.059,0.001,0.987,45.848
1153,1,0.462,0.897,0.436,0.163,0.793,2.274
1154,1,0.314,0.951,0.637,0.063,0.912,6.118
1155,1,0.426,1.453,1.027,0.059,0.911,6.104
1156,1,3.411,0.749,-2.662,0.648,0.302,0.257
1157,1,0.513,0.978,0.466,0.144,0.81,2.522
1158,1,0.426,1.091,0.664,0.088,0.875,4.165
1159,1,1.924,1.929,0.005,0.32,0.627,1
1160,1,3.854,2.859,-0.996,0.4,0.533,0.678
1161,1,0.384,2.292,1.909,0.007,0.978,26.175
1162,1,0.535,6.242,5.707,0.001,0.99,58.055
1163,1,0.849,1.002,0.153,0.271,0.655,1.128
1164,1,0.355,0.659,0.303,0.212,0.74,1.686
1165,1,0.422,0.96,0.538,0.114,0.846,3.263
1166,1,0.731,0.905,0.174,0.313,0.621,0.972
1167,1,0.448,0.996,0.548,0.122,0.838,3.063
1168,1,0.768,1.081,0.313,0.211,0.732,1.617
1169,1,0.6,0.855,0.255,0.296,0.652,1.111
1170,1,0.481,1.183,0.702,0.095,0.864,3.785
1171,1,0.536,1.578,1.042,0.057,0.902,5.453
1172,1,1.606,0.729,-0.877,0.625,0.305,0.26
1173,1,0.305,1.845,1.54,0.012,0.977,24.943
1174,1,0.392,0.502,0.11,0.338,0.599,0.886
1175,1,0.877,1.171,0.294,0.264,0.664,1.172
1176,1,0.393,1.136,0.742,0.061,0.908,5.827
1177,1,0.309,1.071,0.763,0.041,0.937,8.89
1178,1,0.386,0.815,0.43,0.155,0.803,2.422
1179,1,0.258,0.946,0.687,0.049,0.931,8.042
1180,1,0.984,0.888,-0.096,0.341,0.584,0.833
1181,1,0.365,0.83,0.464,0.129,0.832,2.949
1182,1,0.513,1,0.487,0.132,0.822,2.744
1183,1,0.377,2.888,2.512,0.001,0.989,55.328
1184,1,0.658,0.924,0.266,0.237,0.711,1.463
1185,1,2.548,1.018,-1.53,0.424,0.5,0.593
1186,1,0.267,2.928,2.661,0.001,0.997,169.386
1187,1,0.962,1.004,0.042,0.333,0.57,0.788
1188,1,0.417,1.141,0.725,0.083,0.883,4.469
1189,1,0.539,1.728,1.189,0.076,0.883,4.467
1190,1,0.737,1.757,1.02,0.065,0.869,3.926
1191,1,2.746,0.621,-2.125,0.63,0.316,0.274
1192,1,1.896,0.873,-1.023,0.638,0.277,0.227
1193,1,0.581,0.976,0.394,0.16,0.779,2.091
1194,1,0.683,2.753,2.07,0.025,0.925,7.3
1195,1,0.584,1.098,0.514,0.161,0.789,2.224
1196,1,1.027,1.013,-0.014,0.397,0.536,0.685
1197,1,2.336,0.683,-1.653,0.807,0.14,0.097
1198,1,0.962,1.156,0.195,0.267,0.666,1.184
1199,1,1.935,1.952,0.017,0.32,0.628,1
1200,1,1.935,1.952,0.017,0.32,0.628,1
1201,1,1.935,1.952,0.017,0.32,0.628,1
1202,1,1.749,0.866,-0.882,0.316,0.63,1.01
1203,1,0.428,3.211,2.783,0.002,0.985,39.919
1204,1,1.935,1.952,0.017,0.32,0.628,1
1205,1,1.935,1.952,0.017,0.32,0.628,1
1206,1,1.935,1.952,0.017,0.32,0.628,1
1207,1,0.648,0.789,0.141,0.321,0.61,0.928
1208,1,0.445,0.927,0.482,0.144,0.814,2.596
1209,1,2.027,0.229,-1.798,0.96,0.029,0.017
1210,1,0.302,1.128,0.826,0.037,0.944,9.946
1211,1,0.501,0.736,0.235,0.25,0.7,1.384
1212,1,0.467,0.289,-0.178,0.578,0.341,0.307
1213,1,0.446,0.91,0.463,0.137,0.821,2.721
1214,1,0.502,0.658,0.156,0.305,0.641,1.059
1215,1,0.423,1.095,0.671,0.079,0.886,4.631
1216,1,0.289,1.812,1.523,0.009,0.981,31.147
1217,1,0.763,0.977,0.214,0.246,0.681,1.266
1218,1,0.363,0.869,0.506,0.115,0.849,3.335
1219,1,0.794,1.058,0.264,0.228,0.698,1.373
1220,1,0.465,0.863,0.398,0.178,0.778,2.075
1221,1,1.935,1.952,0.017,0.32,0.628,1
1222,1,1.935,1.952,0.017,0.32,0.628,1
1223,1,0.942,0.83,-0.112,0.378,0.554,0.736
1224,1,1.906,0.933,-0.973,0.608,0.298,0.252
1225,1,0.568,2.453,1.884,0.017,0.947,10.631
1226,1,0.636,1.304,0.668,0.133,0.806,2.465
1227,1,0.862,2.097,1.235,0.081,0.835,2.994
1228,1,0.689,0.826,0.137,0.31,0.616,0.951
1229,1,1.935,1.952,0.017,0.32,0.628,1
1230,1,0.465,7.15,6.685,0,0.998,313.129
1231,1,0.787,2.313,1.526,0.075,0.865,3.787
1232,1,1.904,2.494,0.589,0.162,0.65,1.104
1233,1,1.114,2.793,1.679,0.029,0.847,3.294
1234,1,1.624,1.587,-0.037,0.318,0.629,1.007
1235,1,2.307,2.474,0.167,0.195,0.571,0.791
1236,1,1.935,1.952,0.017,0.32,0.628,1
1237,1,3.012,1.463,-1.549,0.508,0.394,0.386
1238,1,1.935,1.952,0.017,0.32,0.628,1
1239,1,0.362,1.181,0.819,0.041,0.933,8.269
1240,1,3.672,0.885,-2.786,0.771,0.167,0.119
1241,1,0.592,1.676,1.084,0.05,0.903,5.526
1242,1,0.829,2.118,1.289,0.078,0.848,3.323
1243,1,2.284,2.233,-0.051,0.278,0.506,0.607
1244,1,1.915,1.709,-0.205,0.319,0.593,0.864
1245,1,0.616,1.362,0.746,0.085,0.857,3.568
1246,1,6.507,0.621,-5.886,0.996,0.001,0.001
1247,1,0.998,1.672,0.674,0.13,0.759,1.871
1248,1,0.67,2.191,1.52,0.049,0.897,5.171
1249,1,0.515,1.409,0.894,0.1,0.86,3.644
1250,1,0.998,1.474,0.476,0.194,0.72,1.526
1251,1,0.444,2.517,2.073,0.009,0.973,21.06
1252,1,0.461,1.83,1.369,0.031,0.939,9.072
1253,1,0.557,1.063,0.506,0.121,0.824,2.787
1254,1,0.487,0.746,0.258,0.291,0.659,1.146
1255,1,0.569,1.644,1.074,0.055,0.899,5.274
1256,1,0.472,1.958,1.486,0.029,0.942,9.642
1257,1,0.418,1.101,0.684,0.073,0.893,4.968
1258,1,0.302,0.509,0.208,0.259,0.68,1.26
1259,1,0.664,0.858,0.193,0.283,0.649,1.095
1260,1,0.511,0.592,0.081,0.348,0.595,0.872
1261,1,0.47,0.535,0.065,0.37,0.569,0.785
1262,1,0.375,0.837,0.462,0.141,0.819,2.691
1263,1,1.337,0.496,-0.841,0.517,0.428,0.444
1264,1,0.504,0.629,0.125,0.323,0.622,0.978
1265,1,0.461,1.057,0.596,0.1,0.86,3.655
1266,1,1.243,2.276,1.033,0.131,0.748,1.762
1267,1,1.225,0.674,-0.55,0.426,0.519,0.642
1268,1,1.945,0.693,-1.252,0.758,0.184,0.134
1269,1,0.464,0.885,0.421,0.17,0.786,2.177
1270,1,0.588,0.83,0.242,0.252,0.698,1.369
1271,1,0.729,0.46,-0.268,0.651,0.295,0.249
1272,1,0.689,2.001,1.312,0.064,0.881,4.386
1273,1,0.585,4.685,4.101,0.005,0.963,15.339
1274,1,0.391,1.732,1.341,0.027,0.951,11.56
1275,1,0.342,2.063,1.721,0.011,0.977,25.198
1276,1,0.489,1.14,0.651,0.094,0.864,3.772
1277,1,0.72,1.847,1.127,0.087,0.86,3.634
1278,1,0.553,1.126,0.573,0.132,0.821,2.717
1279,1,0.935,1.249,0.314,0.24,0.667,1.188
1280,1,0.913,2.17,1.257,0.144,0.811,2.542
1281,1,1.314,2.573,1.26,0.169,0.782,2.13
1282,1,1.232,0.962,-0.27,0.336,0.613,0.941
1283,1,1.935,1.952,0.017,0.32,0.628,1
1284,1,1.041,1.128,0.087,0.28,0.624,0.985
1285,1,0.932,0.894,-0.038,0.394,0.518,0.637
1286,1,0.838,0.889,0.051,0.246,0.701,1.392
1287,1,0.733,1.477,0.744,0.109,0.83,2.887
1288,1,0.295,1.017,0.723,0.061,0.915,6.395
1289,1,0.807,0.789,-0.018,0.39,0.535,0.683
1290,1,1.42,1.4,-0.02,0.214,0.698,1.369
1291,1,0.425,1.035,0.609,0.103,0.859,3.622
1292,1,0.46,1.544,1.084,0.049,0.917,6.583
1293,1,4.015,0.311,-3.704,0.995,0.002,0.001
1294,1,0.341,2.675,2.334,0.003,0.99,56.099
1295,1,2.86,0.535,-2.325,0.889,0.082,0.053
1296,1,0.88,1.3,0.419,0.179,0.772,2.007
1297,1,0.404,1.612,1.208,0.026,0.949,10.953
1298,1,0.525,1.224,0.699,0.09,0.863,3.724
1299,1,6.381,0.6,-5.781,0.741,0.224,0.171
1300,1,0.367,1.268,0.901,0.042,0.933,8.322
1301,1,0.453,0.936,0.483,0.146,0.812,2.558
1302,1,0.467,0.634,0.167,0.302,0.643,1.069
1303,1,0.694,0.985,0.291,0.22,0.708,1.438
1304,1,1.032,1.356,0.324,0.187,0.726,1.569
1305,1,0.488,15.957,15.469,0,1,621672.341
1306,1,1.935,1.952,0.017,0.32,0.628,1
1307,1,0.359,1.683,1.324,0.022,0.959,13.966
1308,1,1.852,0.648,-1.204,0.738,0.207,0.155
1309,1,0.669,0.939,0.27,0.228,0.703,1.405
1310,1,0.426,1.167,0.741,0.071,0.895,5.037
1311,1,0.406,1.2,0.794,0.059,0.912,6.185
1312,1,0.86,0.862,0.002,0.335,0.59,0.853
1313,1,0.651,1.662,1.011,0.079,0.869,3.939
1314,1,4.278,1.575,-2.704,0.495,0.395,0.387
1315,1,0.599,0.936,0.338,0.205,0.735,1.647
1316,1,0.677,1.042,0.365,0.193,0.748,1.758
1317,1,0.408,0.482,0.073,0.439,0.496,0.585
1318,1,5.019,1.04,-3.98,0.753,0.179,0.129
1319,1,1.116,0.944,-0.173,0.392,0.518,0.638
1320,1,0.659,1.122,0.463,0.166,0.779,2.096
1321,1,0.754,0.957,0.203,0.253,0.673,1.222
1322,1,1.29,1.026,-0.265,0.401,0.503,0.6
1323,1,0.583,1.087,0.504,0.152,0.801,2.395
1324,1,0.47,0.828,0.358,0.19,0.764,1.92
1325,1,0.364,1.838,1.474,0.014,0.969,18.606
1326,1,0.345,5.706,5.361,0,0.997,222.454
1327,1,0.637,1.767,1.131,0.066,0.878,4.288
1328,1,0.256,0.703,0.447,0.116,0.848,3.317
1329,1,0.399,2.199,1.799,0.01,0.973,21.153
1330,1,0.843,1.282,0.438,0.162,0.756,1.838
1331,1,0.784,0.811,0.027,0.357,0.571,0.789
1332,1,0.435,1.877,1.443,0.02,0.954,12.22
1333,1,1.222,0.994,-0.228,0.446,0.459,0.504
1334,1,0.58,1.003,0.423,0.176,0.774,2.036
1335,1,0.428,0.973,0.545,0.131,0.829,2.882
1336,1,0.605,2.545,1.94,0.029,0.932,8.165
1337,1,0.752,1.272,0.52,0.141,0.784,2.16
1338,1,0.432,7.672,7.239,0,0.999,622.657
1339,1,0.778,1.062,0.284,0.268,0.642,1.066
1340,1,3.734,3.113,-0.621,0.264,0.618,0.961
1341,1,1.035,0.943,-0.091,0.366,0.556,0.744
1342,1,0.729,1.484,0.754,0.097,0.829,2.884
1343,1,1.935,1.952,0.017,0.32,0.628,1
1344,1,1.378,7.5,6.123,0.042,0.922,7.005
1345,1,1.269,1.863,0.594,0.149,0.72,1.524
1346,1,1.047,1.216,0.17,0.262,0.647,1.086
1347,1,0.405,6.334,5.929,0,0.995,123.766
1348,1,5.129,1.208,-3.921,0.796,0.108,0.072
1349,1,0.836,1.217,0.381,0.179,0.734,1.634
1350,1,0.498,7.62,7.122,0,0.998,258.649
1351,1,0.485,0.908,0.423,0.169,0.786,2.186
1352,1,0.318,0.741,0.422,0.178,0.78,2.099
1353,1,1.456,1.323,-0.133,0.244,0.674,1.229
1354,1,0.876,0.558,-0.318,0.605,0.334,0.297
1355,1,1.047,2.722,1.676,0.037,0.854,3.458
1356,1,0.557,1.911,1.353,0.038,0.921,6.938
1357,1,1.227,1.817,0.59,0.212,0.678,1.248
1358,1,0.783,1.777,0.994,0.075,0.852,3.405
1359,1,0.677,0.522,-0.155,0.545,0.388,0.377
1360,1,0.314,5.88,5.566,0,0.999,440.186
1361,1,0.293,2.642,2.349,0.002,0.993,85.909
1362,1,0.404,14.39,13.985,0,1,3981.34
1363,1,1.241,1.156,-0.085,0.24,0.711,1.458
1364,1,0.28,2.675,2.396,0.001,0.997,171.863
1365,1,0.826,0.954,0.128,0.291,0.635,1.033
1366,1,0.456,0.87,0.415,0.167,0.789,2.224
1367,1,0.381,0.622,0.241,0.258,0.688,1.31
1368,1,0.463,0.951,0.488,0.135,0.823,2.764
1369,1,0.478,0.765,0.287,0.224,0.727,1.581
1370,1,0.627,1.33,0.702,0.123,0.831,2.927
1371,1,0.741,7.684,6.944,0,0.995,114.878
1372,1,0.596,1.232,0.636,0.105,0.84,3.111
1373,1,0.822,1.929,1.107,0.091,0.827,2.846
1374,1,0.749,1.938,1.189,0.063,0.875,4.137
1375,1,1.889,1.858,-0.03,0.321,0.627,0.998
1376,1,0.967,1.978,1.011,0.11,0.795,2.302
1377,1,0.325,0.985,0.661,0.077,0.895,5.067
1378,1,0.551,0.74,0.189,0.283,0.664,1.173
1379,1,0.71,0.511,-0.199,0.581,0.363,0.339
1380,1,0.45,0.915,0.464,0.134,0.824,2.775
1381,1,17.614,0.233,-17.381,1,0,0
1382,1,0.344,2.035,1.69,0.008,0.979,27.868
1383,1,0.438,0.578,0.14,0.322,0.62,0.969
1384,1,0.378,0.868,0.489,0.123,0.84,3.106
1385,1,0.336,2.12,1.784,0.006,0.982,33.218
1386,1,0.436,1.166,0.73,0.062,0.902,5.487
1387,1,0.317,0.902,0.585,0.081,0.89,4.813
1388,1,0.527,6.022,5.495,0.001,0.988,47.125
1389,1,0.611,1.158,0.547,0.123,0.817,2.652
1390,1,4.608,0.705,-3.903,0.561,0.394,0.385
1391,1,0.529,1.076,0.547,0.116,0.835,2.996
1392,1,0.942,0.867,-0.075,0.329,0.608,0.922
1393,1,3.904,11.142,7.237,0.134,0.809,2.51
1394,1,0.727,1.103,0.376,0.185,0.755,1.825
1395,1,0.391,1.149,0.758,0.052,0.918,6.658
1396,1,0.66,0.913,0.253,0.261,0.683,1.277
1397,1,0.756,0.553,-0.203,0.56,0.376,0.358
1398,1,0.442,2.049,1.607,0.02,0.956,12.755
1399,1,0.759,6.073,5.314,0.003,0.964,15.944
1400,1,0.389,2.06,1.671,0.016,0.966,16.889
1401,1,0.413,1.644,1.231,0.033,0.941,9.421
1402,1,0.608,1.58,0.972,0.063,0.886,4.632
1403,1,1.399,1.002,-0.397,0.402,0.518,0.638
1404,1,0.434,0.905,0.471,0.148,0.81,2.53
1405,1,0.369,0.994,0.625,0.086,0.881,4.4
1406,1,0.377,0.832,0.455,0.145,0.815,2.62
1407,1,0.347,1.735,1.389,0.017,0.966,17.028
1408,1,0.376,0.787,0.411,0.161,0.796,2.321
1409,1,0.338,2.675,2.337,0.002,0.991,62.412
1410,1,0.423,1.173,0.75,0.07,0.895,5.065
1411,1,1.262,0.982,-0.28,0.428,0.472,0.53
1412,1,0.752,1.88,1.128,0.083,0.85,3.351
1413,1,0.989,0.473,-0.516,0.739,0.211,0.158
1414,1,0.431,0.821,0.39,0.169,0.786,2.179
1415,1,0.425,1.196,0.77,0.061,0.906,5.7
1416,1,0.679,2.282,1.604,0.022,0.937,8.785
1417,1,0.43,1.194,0.764,0.073,0.893,4.962
1418,1,0.404,0.625,0.221,0.308,0.634,1.029
1419,1,1.07,0.926,-0.144,0.393,0.516,0.632
1420,1,0.509,1.063,0.553,0.129,0.826,2.813
1421,1,0.416,1.141,0.725,0.072,0.895,5.037
1422,1,0.585,0.93,0.345,0.203,0.736,1.659
1423,1,0.436,1.009,0.573,0.117,0.844,3.208
1424,1,0.346,2.47,2.124,0.003,0.989,51.128
1425,1,0.433,0.987,0.554,0.114,0.848,3.298
1426,1,0.416,1.342,0.926,0.054,0.916,6.456
1427,1,0.806,2.427,1.62,0.022,0.916,6.477
1428,1,0.414,1.334,0.919,0.048,0.922,7.055
1429,1,1.332,0.563,-0.769,0.711,0.233,0.18
1430,1,0.725,1.673,0.948,0.061,0.874,4.111
1431,1,0.558,1.058,0.5,0.171,0.774,2.035
1432,1,0.501,1.296,0.795,0.081,0.878,4.27
1433,1,0.349,1.33,0.981,0.025,0.954,12.232
1434,1,0.433,2.349,1.917,0.01,0.971,20.009
1435,1,0.543,0.477,-0.067,0.526,0.402,0.399
1436,1,0.696,1.354,0.658,0.104,0.829,2.875
1437,1,5.029,0.613,-4.417,0.977,0.012,0.007
1438,1,0.407,5.009,4.603,0.001,0.993,79.915
1439,1,0.347,1.115,0.768,0.044,0.931,8.064
1440,1,0.395,1.852,1.458,0.021,0.958,13.476
1441,1,0.823,1.016,0.193,0.264,0.657,1.136
1442,1,0.364,1.048,0.684,0.062,0.909,5.945
1443,1,0.441,0.752,0.311,0.229,0.722,1.541
1444,1,0.603,0.855,0.252,0.251,0.7,1.387
1445,1,0.414,1.175,0.761,0.065,0.903,5.507
1446,1,2.263,0.859,-1.404,0.71,0.212,0.159
1447,1,0.417,1.194,0.777,0.063,0.904,5.557
1448,1,0.642,1.088,0.447,0.157,0.79,2.228
1449,1,0.499,0.324,-0.175,0.563,0.361,0.335
1450,1,0.493,0.798,0.305,0.222,0.728,1.587
1451,1,0.601,1.051,0.45,0.139,0.8,2.368
1452,1,0.782,1.117,0.335,0.196,0.727,1.582
1453,1,0.635,0.988,0.354,0.22,0.719,1.521
1454,1,0.381,0.697,0.317,0.204,0.748,1.764
1455,1,0.685,1.741,1.056,0.066,0.874,4.103
1456,1,0.583,0.604,0.021,0.379,0.564,0.769
1457,1,0.904,0.895,-0.01,0.348,0.577,0.808
