"Site","Partition","&alpha;","&beta;","&beta;-&alpha;","Prob[&alpha;>&beta;]","Prob[&alpha;<&beta;]","BayesFactor[&alpha;<&beta;]"
1,1,"4.041","0.098","-3.943","0.917","0.047","0.103"
2,1,"0.373","0.577","0.205","0.261","0.687","4.625"
3,1,"1.342","0.376","-0.965","0.855","0.110","0.260"
4,1,"1.142","0.602","-0.540","0.662","0.276","0.802"
5,1,"0.671","0.621","-0.050","0.425","0.512","2.211"
6,1,"0.856","0.712","-0.144","0.466","0.463","1.813"
7,1,"12.655","0.331","-12.324","1.000","0.000","0.000"
8,1,"0.697","0.509","-0.188","0.511","0.428","1.577"
9,1,"0.648","0.625","-0.023","0.434","0.501","2.117"
10,1,"0.893","0.346","-0.547","0.818","0.135","0.329"
11,1,"1.134","0.654","-0.480","0.608","0.326","1.018"
12,1,"0.967","0.190","-0.777","0.916","0.063","0.143"
13,1,"0.818","0.286","-0.532","0.833","0.124","0.299"
14,1,"0.908","0.537","-0.371","0.651","0.283","0.833"
15,1,"1.054","0.426","-0.628","0.783","0.167","0.421"
16,1,"0.586","0.767","0.180","0.290","0.647","3.861"
17,1,"0.479","0.601","0.122","0.311","0.635","3.658"
18,1,"1.363","0.366","-0.997","0.857","0.109","0.257"
19,1,"0.777","0.344","-0.432","0.779","0.172","0.439"
20,1,"1.848","0.648","-1.200","0.762","0.186","0.481"
21,1,"0.845","0.485","-0.360","0.645","0.291","0.864"
22,1,"1.322","0.175","-1.148","0.965","0.024","0.051"
23,1,"0.605","0.547","-0.058","0.444","0.495","2.066"
24,1,"0.980","0.506","-0.474","0.685","0.257","0.728"
25,1,"0.958","0.477","-0.481","0.704","0.239","0.660"
26,1,"1.250","0.486","-0.764","0.746","0.204","0.541"
27,1,"0.699","0.325","-0.374","0.736","0.204","0.541"
28,1,"1.568","0.604","-0.964","0.749","0.197","0.517"
29,1,"5.760","0.470","-5.290","0.999","0.000","0.001"
30,1,"0.515","0.475","-0.040","0.440","0.497","2.083"
31,1,"0.948","0.342","-0.606","0.795","0.158","0.397"
32,1,"2.097","0.477","-1.620","0.893","0.079","0.182"
33,1,"2.380","0.488","-1.892","0.925","0.053","0.118"
34,1,"0.643","0.257","-0.386","0.767","0.196","0.514"
35,1,"0.509","0.666","0.157","0.299","0.648","3.871"
36,1,"0.443","0.532","0.089","0.341","0.601","3.176"
37,1,"0.529","0.661","0.132","0.322","0.619","3.424"
38,1,"1.812","0.318","-1.494","0.940","0.043","0.095"
39,1,"1.832","0.318","-1.514","0.941","0.043","0.094"
40,1,"1.142","0.382","-0.761","0.804","0.157","0.392"
41,1,"0.695","0.658","-0.037","0.437","0.490","2.025"
42,1,"0.604","0.538","-0.066","0.476","0.452","1.741"
43,1,"0.423","0.522","0.100","0.331","0.613","3.335"
44,1,"4.121","0.390","-3.731","0.999","0.001","0.001"
45,1,"0.599","0.517","-0.082","0.493","0.435","1.619"
46,1,"0.641","0.351","-0.290","0.686","0.246","0.687"
47,1,"2.099","0.399","-1.700","0.929","0.051","0.114"
48,1,"3.516","2.058","-1.458","0.648","0.310","0.948"
49,1,"3.403","1.990","-1.413","0.647","0.310","0.949"
50,1,"1.163","0.304","-0.859","0.891","0.078","0.178"
51,1,"0.508","0.156","-0.353","0.839","0.111","0.264"
52,1,"7.235","0.497","-6.738","1.000","0.000","0.000"
53,1,"2.242","0.408","-1.834","0.921","0.058","0.130"
54,1,"0.762","0.545","-0.217","0.595","0.334","1.057"
55,1,"0.750","0.630","-0.119","0.526","0.399","1.401"
56,1,"3.725","0.349","-3.377","0.996","0.002","0.004"
57,1,"0.682","0.309","-0.373","0.747","0.193","0.503"
58,1,"1.820","0.471","-1.349","0.882","0.088","0.202"
59,1,"2.385","0.478","-1.907","0.935","0.045","0.099"
60,1,"3.726","0.600","-3.126","0.975","0.015","0.032"
61,1,"0.732","0.129","-0.603","0.945","0.036","0.079"
62,1,"4.561","0.336","-4.224","0.920","0.061","0.138"
63,1,"1.317","0.444","-0.873","0.813","0.146","0.361"
64,1,"0.634","0.386","-0.248","0.650","0.284","0.836"
65,1,"3.776","0.361","-3.415","0.994","0.004","0.008"
66,1,"0.905","0.597","-0.308","0.564","0.368","1.227"
67,1,"3.441","1.970","-1.472","0.648","0.309","0.944"
68,1,"3.476","2.106","-1.370","0.646","0.312","0.955"
69,1,"3.447","2.095","-1.352","0.646","0.312","0.956"
70,1,"0.513","0.327","-0.186","0.550","0.381","1.296"
71,1,"0.977","0.452","-0.525","0.715","0.229","0.627"
72,1,"0.692","0.575","-0.117","0.518","0.421","1.533"
73,1,"3.521","2.179","-1.343","0.645","0.313","0.959"
74,1,"3.472","2.008","-1.464","0.648","0.310","0.946"
75,1,"3.378","1.968","-1.410","0.648","0.310","0.948"
76,1,"3.438","1.904","-1.534","0.650","0.308","0.938"
77,1,"3.472","2.008","-1.464","0.648","0.310","0.946"
78,1,"1.889","0.224","-1.665","0.982","0.012","0.026"
79,1,"0.714","0.393","-0.320","0.651","0.294","0.877"
80,1,"0.541","0.380","-0.161","0.523","0.413","1.482"
81,1,"0.614","0.809","0.195","0.291","0.643","3.797"
82,1,"2.931","0.271","-2.660","0.856","0.111","0.263"
83,1,"0.904","0.539","-0.365","0.613","0.324","1.008"
84,1,"1.248","0.298","-0.950","0.878","0.089","0.207"
85,1,"1.528","0.160","-1.368","0.984","0.010","0.022"
86,1,"1.324","0.307","-1.016","0.903","0.069","0.157"
87,1,"0.552","0.352","-0.200","0.574","0.359","1.179"
88,1,"0.831","0.303","-0.528","0.795","0.152","0.377"
89,1,"3.139","0.344","-2.795","0.987","0.009","0.018"
90,1,"0.600","0.549","-0.050","0.462","0.467","1.842"
91,1,"3.234","0.416","-2.818","0.975","0.017","0.035"
92,1,"5.662","0.474","-5.187","0.999","0.000","0.001"
93,1,"0.730","0.601","-0.128","0.470","0.467","1.847"
94,1,"0.715","0.464","-0.251","0.612","0.328","1.026"
95,1,"1.573","0.455","-1.118","0.855","0.109","0.257"
96,1,"0.545","0.446","-0.099","0.510","0.421","1.533"
97,1,"0.438","0.541","0.103","0.336","0.608","3.264"
98,1,"0.420","0.526","0.106","0.323","0.621","3.449"
99,1,"0.594","0.689","0.095","0.341","0.599","3.144"
100,1,"1.333","0.384","-0.949","0.872","0.096","0.224"
101,1,"0.519","0.515","-0.005","0.440","0.485","1.982"
102,1,"3.503","0.495","-3.007","0.994","0.002","0.003"
103,1,"0.982","0.345","-0.637","0.805","0.149","0.370"
104,1,"1.768","0.503","-1.266","0.855","0.108","0.255"
105,1,"1.285","0.459","-0.826","0.853","0.106","0.250"
106,1,"3.365","0.218","-3.148","0.999","0.001","0.001"
107,1,"1.004","0.816","-0.188","0.478","0.440","1.655"
108,1,"0.624","0.580","-0.044","0.423","0.519","2.273"
109,1,"2.129","0.418","-1.711","0.956","0.029","0.062"
110,1,"5.258","0.306","-4.952","1.000","0.000","0.000"
111,1,"0.706","0.245","-0.461","0.778","0.191","0.498"
112,1,"2.842","0.528","-2.314","0.606","0.350","1.135"
113,1,"2.157","0.511","-1.646","0.916","0.059","0.132"
114,1,"5.230","0.346","-4.884","0.999","0.000","0.001"
115,1,"0.810","0.341","-0.469","0.810","0.143","0.350"
116,1,"1.142","0.538","-0.604","0.676","0.268","0.770"
117,1,"4.482","0.368","-4.114","0.884","0.092","0.213"
118,1,"11.202","0.494","-10.708","1.000","0.000","0.000"
119,1,"0.870","0.556","-0.314","0.590","0.344","1.105"
120,1,"4.443","0.413","-4.030","0.998","0.001","0.003"
121,1,"3.116","0.311","-2.806","0.993","0.004","0.009"
122,1,"3.332","0.601","-2.731","0.938","0.042","0.093"
123,1,"1.205","0.520","-0.684","0.723","0.224","0.607"
124,1,"2.983","0.436","-2.547","0.974","0.017","0.037"
125,1,"1.224","0.387","-0.837","0.833","0.128","0.310"
126,1,"3.445","2.038","-1.407","0.647","0.311","0.950"
127,1,"7.552","0.402","-7.150","1.000","0.000","0.000"
128,1,"3.876","0.372","-3.504","0.996","0.002","0.005"
129,1,"2.442","0.600","-1.842","0.921","0.052","0.117"
130,1,"0.672","0.584","-0.088","0.464","0.474","1.896"
131,1,"4.462","0.326","-4.136","0.999","0.000","0.001"
132,1,"4.512","0.250","-4.262","1.000","0.000","0.000"
133,1,"0.732","0.506","-0.225","0.593","0.344","1.107"
134,1,"0.939","0.419","-0.520","0.729","0.216","0.579"
135,1,"0.858","0.825","-0.033","0.439","0.508","2.173"
136,1,"4.524","0.474","-4.049","0.996","0.002","0.005"
137,1,"3.271","0.348","-2.923","0.988","0.008","0.016"
138,1,"6.337","0.408","-5.929","1.000","0.000","0.000"
139,1,"6.608","0.475","-6.134","1.000","0.000","0.000"
140,1,"4.443","0.353","-4.090","1.000","0.000","0.000"
141,1,"1.484","0.565","-0.919","0.741","0.207","0.551"
142,1,"0.815","0.346","-0.469","0.779","0.175","0.446"
143,1,"3.653","0.599","-3.055","0.647","0.307","0.934"
144,1,"1.840","0.872","-0.968","0.639","0.285","0.840"
145,1,"2.498","0.406","-2.093","0.946","0.039","0.085"
146,1,"1.049","0.449","-0.600","0.763","0.185","0.477"
147,1,"5.999","0.474","-5.525","0.999","0.000","0.000"
148,1,"7.430","0.423","-7.007","1.000","0.000","0.000"
149,1,"4.565","0.423","-4.142","0.843","0.129","0.312"
150,1,"4.217","0.453","-3.764","0.991","0.005","0.011"
151,1,"3.820","0.386","-3.434","0.999","0.000","0.000"
152,1,"3.805","0.365","-3.440","0.996","0.002","0.005"
153,1,"2.423","0.533","-1.890","0.897","0.075","0.172"
154,1,"0.994","0.370","-0.624","0.782","0.168","0.427"
155,1,"7.342","0.458","-6.884","1.000","0.000","0.000"
156,1,"1.304","0.499","-0.805","0.782","0.171","0.436"
157,1,"1.666","0.458","-1.209","0.856","0.109","0.258"
158,1,"1.074","0.576","-0.498","0.654","0.283","0.830"
159,1,"2.936","0.340","-2.596","0.827","0.138","0.338"
160,1,"8.113","0.478","-7.635","1.000","0.000","0.000"
161,1,"5.942","0.407","-5.535","1.000","0.000","0.000"
162,1,"9.713","0.477","-9.236","1.000","0.000","0.000"
163,1,"1.560","0.285","-1.275","0.950","0.034","0.074"
164,1,"2.693","0.436","-2.257","0.965","0.024","0.051"
165,1,"1.223","0.611","-0.612","0.670","0.268","0.770"
166,1,"1.695","0.340","-1.355","0.931","0.049","0.109"
167,1,"1.693","0.340","-1.353","0.931","0.049","0.110"
168,1,"0.449","0.493","0.044","0.371","0.569","2.778"
169,1,"7.154","0.408","-6.746","1.000","0.000","0.000"
170,1,"3.292","0.409","-2.883","0.988","0.007","0.016"
171,1,"0.630","0.567","-0.063","0.459","0.470","1.865"
172,1,"2.159","0.557","-1.601","0.856","0.109","0.257"
173,1,"2.504","0.448","-2.057","0.671","0.284","0.836"
174,1,"1.104","0.434","-0.669","0.749","0.201","0.528"
175,1,"1.667","0.389","-1.278","0.901","0.073","0.165"
176,1,"5.590","0.423","-5.168","1.000","0.000","0.000"
177,1,"3.731","0.313","-3.418","0.999","0.000","0.001"
178,1,"2.270","0.349","-1.921","0.946","0.040","0.087"
179,1,"4.009","0.345","-3.664","0.996","0.002","0.005"
180,1,"1.940","0.576","-1.364","0.859","0.102","0.239"
181,1,"1.340","0.541","-0.798","0.584","0.364","1.208"
182,1,"11.103","0.361","-10.743","1.000","0.000","0.000"
183,1,"4.076","0.381","-3.695","0.999","0.000","0.001"
184,1,"3.442","0.320","-3.122","0.996","0.002","0.005"
185,1,"14.273","0.127","-14.146","1.000","0.000","0.000"
186,1,"5.043","0.469","-4.574","0.819","0.151","0.374"
187,1,"1.453","0.459","-0.994","0.819","0.141","0.345"
188,1,"0.476","0.533","0.057","0.364","0.576","2.861"
189,1,"2.583","0.417","-2.166","0.972","0.018","0.039"
190,1,"6.136","0.467","-5.669","1.000","0.000","0.000"
191,1,"2.120","0.308","-1.811","0.979","0.014","0.030"
192,1,"1.992","0.440","-1.552","0.892","0.081","0.185"
193,1,"8.308","0.393","-7.915","1.000","0.000","0.000"
194,1,"1.262","0.393","-0.869","0.832","0.129","0.311"
195,1,"4.501","0.316","-4.185","1.000","0.000","0.000"
196,1,"4.350","0.345","-4.005","0.996","0.002","0.005"
197,1,"7.431","0.361","-7.070","1.000","0.000","0.000"
198,1,"0.814","0.315","-0.499","0.786","0.167","0.423"
199,1,"6.851","0.311","-6.541","1.000","0.000","0.000"
200,1,"6.749","0.484","-6.265","1.000","0.000","0.000"
201,1,"8.192","0.504","-7.689","1.000","0.000","0.000"
202,1,"3.719","0.194","-3.524","0.876","0.089","0.206"
203,1,"4.732","0.267","-4.464","0.931","0.051","0.113"
204,1,"5.277","0.374","-4.903","0.999","0.000","0.001"
205,1,"1.104","0.388","-0.716","0.787","0.168","0.426"
206,1,"3.406","2.053","-1.353","0.646","0.312","0.955"
207,1,"3.269","1.866","-1.402","0.648","0.310","0.945"
208,1,"3.375","1.898","-1.476","0.649","0.309","0.941"
209,1,"1.814","0.206","-1.609","0.974","0.018","0.038"
210,1,"1.051","0.482","-0.569","0.624","0.320","0.992"
211,1,"2.635","0.481","-2.153","0.934","0.047","0.103"
212,1,"0.430","0.452","0.022","0.388","0.548","2.557"
213,1,"1.776","0.517","-1.259","0.855","0.108","0.256"
214,1,"2.809","0.728","-2.081","0.873","0.086","0.199"
215,1,"0.413","0.376","-0.037","0.436","0.492","2.039"
216,1,"1.564","0.601","-0.963","0.766","0.180","0.462"
217,1,"1.118","0.527","-0.591","0.676","0.267","0.769"
218,1,"2.389","0.364","-2.025","0.951","0.035","0.076"
219,1,"0.931","0.680","-0.251","0.528","0.396","1.381"
220,1,"0.944","0.341","-0.603","0.823","0.134","0.326"
221,1,"3.471","0.374","-3.097","0.996","0.002","0.004"
222,1,"0.799","0.381","-0.418","0.736","0.212","0.568"
223,1,"2.004","0.531","-1.473","0.901","0.068","0.155"
224,1,"0.618","0.533","-0.085","0.520","0.411","1.472"
225,1,"2.842","0.528","-2.314","0.606","0.350","1.135"
226,1,"0.892","0.163","-0.729","0.949","0.035","0.077"
227,1,"4.628","0.345","-4.282","0.999","0.000","0.001"
228,1,"0.737","0.530","-0.206","0.546","0.392","1.357"
229,1,"2.609","0.362","-2.247","0.978","0.015","0.031"
230,1,"0.714","0.351","-0.363","0.726","0.217","0.582"
231,1,"1.931","0.392","-1.539","0.941","0.041","0.091"
232,1,"0.586","0.495","-0.091","0.505","0.424","1.549"
233,1,"0.411","0.390","-0.021","0.427","0.504","2.143"
234,1,"0.377","0.547","0.170","0.282","0.663","4.140"
235,1,"1.067","0.486","-0.580","0.701","0.245","0.683"
236,1,"1.047","0.359","-0.689","0.822","0.135","0.329"
237,1,"0.878","0.155","-0.724","0.926","0.050","0.110"
238,1,"0.430","0.379","-0.052","0.499","0.427","1.571"
239,1,"2.357","0.357","-2.001","0.968","0.022","0.048"
240,1,"0.484","0.525","0.041","0.375","0.567","2.758"
241,1,"4.051","0.329","-3.722","0.997","0.002","0.004"
242,1,"0.581","0.384","-0.197","0.624","0.304","0.919"
243,1,"1.446","0.368","-1.078","0.896","0.076","0.173"
244,1,"1.431","5.675","4.244","0.011","0.887","16.471"
245,1,"0.871","0.331","-0.539","0.652","0.289","0.855"
246,1,"3.877","2.575","-1.302","0.642","0.316","0.973"
247,1,"3.697","2.394","-1.303","0.643","0.315","0.968"
248,1,"3.604","2.346","-1.258","0.643","0.315","0.969"
249,1,"4.931","27.532","22.601","0.136","0.817","9.418"
250,1,"3.540","2.580","-0.960","0.637","0.321","0.996"
251,1,"3.684","2.401","-1.282","0.643","0.315","0.969"
252,1,"3.893","2.884","-1.010","0.636","0.322","1.000"
253,1,"3.893","2.884","-1.010","0.636","0.322","1.000"
254,1,"3.893","2.884","-1.010","0.636","0.322","1.000"
255,1,"3.893","2.884","-1.010","0.636","0.322","1.000"
256,1,"3.893","2.884","-1.010","0.636","0.322","1.000"
257,1,"3.893","2.884","-1.010","0.636","0.322","1.000"
